expected_development_days,available_development_days,missing_development_days,scope,day,horizon,sigma_level,theoretical_probability,empirical_probability,empirical_theoretical_ratio,n,fit_mean,fit_std
85,70,15,day,1,1m,1,0.31731050786291415,0.2565721649484536,0.8085838905130082,23280,7.90308033263534e-06,0.00013957564627930402
85,70,15,day,1,1m,2,0.045500263896358396,0.054510309278350516,1.1980218269176508,23280,7.90308033263534e-06,0.00013957564627930402
85,70,15,day,1,1m,3,0.002699796063260186,0.016494845360824743,6.109663461360153,23280,7.90308033263534e-06,0.00013957564627930402
85,70,15,day,1,5m,1,0.31731050786291415,0.2568576388888889,0.809483557978665,23040,3.6760362708693016e-05,0.00031689001188049383
85,70,15,day,1,5m,2,0.045500263896358396,0.06145833333333333,1.3507247666370596,23040,3.6760362708693016e-05,0.00031689001188049383
85,70,15,day,1,5m,3,0.002699796063260186,0.011848958333333333,4.3888345844259495,23040,3.6760362708693016e-05,0.00031689001188049383
85,70,15,day,2,1m,1,0.31731050786291415,0.31778350515463916,1.00149064490461,23280,3.1397807687053617e-06,0.00025551703686323114
85,70,15,day,2,1m,2,0.045500263896358396,0.04652061855670103,1.0224252470857493,23280,3.1397807687053617e-06,0.00025551703686323114
85,70,15,day,2,1m,3,0.002699796063260186,0.002190721649484536,0.8114396784618952,23280,3.1397807687053617e-06,0.00025551703686323114
85,70,15,day,2,5m,1,0.31731050786291415,0.29683159722222224,0.935460975501198,23040,5.645386112896853e-06,0.0005698007555227177
85,70,15,day,2,5m,2,0.045500263896358396,0.05295138888888889,1.163760039051704,23040,5.645386112896853e-06,0.0005698007555227177
85,70,15,day,2,5m,3,0.002699796063260186,0.005164930555555555,1.91308174192926,23040,5.645386112896853e-06,0.0005698007555227177
85,70,15,day,3,1m,1,0.31731050786291415,0.2331615120274914,0.7348055177807816,23280,1.3187029228128557e-05,0.0001584576811716528
85,70,15,day,3,1m,2,0.045500263896358396,0.058848797250859106,1.2933726579016402,23280,1.3187029228128557e-05,0.0001584576811716528
85,70,15,day,3,1m,3,0.002699796063260186,0.01907216494845361,7.0642983771976775,23280,1.3187029228128557e-05,0.0001584576811716528
85,70,15,day,3,5m,1,0.31731050786291415,0.2590277777777778,0.8163227228821685,23040,6.964748998866429e-05,0.00033400786975204484
85,70,15,day,3,5m,2,0.045500263896358396,0.055859375,1.2276714510324125,23040,6.964748998866429e-05,0.00033400786975204484
85,70,15,day,3,5m,3,0.002699796063260186,0.01640625,6.076847886128238,23040,6.964748998866429e-05,0.00033400786975204484
85,70,15,day,4,1m,1,0.31731050786291415,0.26537800687285223,0.8363353885132035,23280,-1.941909660427025e-05,0.0003073322927428003
85,70,15,day,4,1m,2,0.045500263896358396,0.05571305841924399,1.2244557206557867,23280,-1.941909660427025e-05,0.0003073322927428003
85,70,15,day,4,1m,3,0.002699796063260186,0.009149484536082475,3.38895395122321,23280,-1.941909660427025e-05,0.0003073322927428003
85,70,15,day,4,5m,1,0.31731050786291415,0.29019097222222223,0.9145331308964776,23040,-0.00010291131661872527,0.0006535003051130678
85,70,15,day,4,5m,2,0.045500263896358396,0.05134548611111111,1.1284656772116113,23040,-0.00010291131661872527,0.0006535003051130678
85,70,15,day,4,5m,3,0.002699796063260186,0.007682291666666666,2.845508137155286,23040,-0.00010291131661872527,0.0006535003051130678
85,70,15,day,5,1m,1,0.31731050786291415,0.26988831615120273,0.8505495704157425,23280,3.910689877990335e-05,0.0004790674231176042
85,70,15,day,5,1m,2,0.045500263896358396,0.0570446735395189,1.2537218172944367,23280,3.910689877990335e-05,0.0004790674231176042
85,70,15,day,5,1m,3,0.002699796063260186,0.009836769759450172,3.643523262113216,23280,3.910689877990335e-05,0.0004790674231176042
85,70,15,day,5,5m,1,0.31731050786291415,0.252734375,0.7964891446620085,23040,0.00018269257130696512,0.001165674699053796
85,70,15,day,5,5m,2,0.045500263896358396,0.0681423611111111,1.4976256240255534,23040,0.00018269257130696512,0.001165674699053796
85,70,15,day,5,5m,3,0.002699796063260186,0.009461805555555555,3.5046371406771315,23040,0.00018269257130696512,0.001165674699053796
85,70,15,day,6,1m,1,0.31731050786291415,0.287414089347079,0.9057818200941801,23280,1.070779052299602e-05,0.0003397606265091024
85,70,15,day,6,1m,2,0.045500263896358396,0.05257731958762887,1.1555387834099327,23280,1.070779052299602e-05,0.0003397606265091024
85,70,15,day,6,1m,3,0.002699796063260186,0.00743127147766323,2.7525306739981934,23280,1.070779052299602e-05,0.0003397606265091024
85,70,15,day,6,5m,1,0.31731050786291415,0.30520833333333336,0.9618601520287213,23040,5.240274458829842e-05,0.0007940079394527655
85,70,15,day,6,5m,2,0.045500263896358396,0.05099826388888889,1.1208344638407806,23040,5.240274458829842e-05,0.0007940079394527655
85,70,15,day,6,5m,3,0.002699796063260186,0.0010850694444444445,0.40190792897673533,23040,5.240274458829842e-05,0.0007940079394527655
85,70,15,day,7,1m,1,0.31731050786291415,0.29102233676975947,0.9171531656162115,23280,-6.935539550016316e-06,0.00023153309303716884
85,70,15,day,7,1m,2,0.045500263896358396,0.052018900343642614,1.1432659041743698,23280,-6.935539550016316e-06,0.00023153309303716884
85,70,15,day,7,1m,3,0.002699796063260186,0.006743986254295533,2.4979613631081876,23280,-6.935539550016316e-06,0.00023153309303716884
85,70,15,day,7,5m,1,0.31731050786291415,0.31462673611111114,0.9915421277099261,23040,-3.679205036945307e-05,0.0005301102456260336
85,70,15,day,7,5m,2,0.045500263896358396,0.045399305555555554,0.9977811482361332,23040,-3.679205036945307e-05,0.0005301102456260336
85,70,15,day,7,5m,3,0.002699796063260186,0.004079861111111111,1.5111738129525247,23040,-3.679205036945307e-05,0.0005301102456260336
85,70,15,day,8,1m,1,0.31731050786291415,0.2486254295532646,0.7835398557323442,23280,1.3649180549304715e-05,0.00028092149130565453
85,70,15,day,8,1m,2,0.045500263896358396,0.05309278350515464,1.1668675950119909,23280,1.3649180549304715e-05,0.00028092149130565453
85,70,15,day,8,1m,3,0.002699796063260186,0.012628865979381444,4.677711087603867,23280,1.3649180549304715e-05,0.00028092149130565453
85,70,15,day,8,5m,1,0.31731050786291415,0.26284722222222223,0.8283596531123344,23040,5.586993122131838e-05,0.0006053776751711987
85,70,15,day,8,5m,2,0.045500263896358396,0.05755208333333333,1.2648736162152128,23040,5.586993122131838e-05,0.0006053776751711987
85,70,15,day,8,5m,3,0.002699796063260186,0.009635416666666667,3.5689424093134097,23040,5.586993122131838e-05,0.0006053776751711987
85,70,15,day,9,1m,1,0.31731050786291415,0.2809707903780069,0.8854758459476958,23280,-5.297652439984754e-06,0.0002090477171031021
85,70,15,day,9,1m,2,0.045500263896358396,0.05472508591065292,1.202742165085175,23280,-5.297652439984754e-06,0.0002090477171031021
85,70,15,day,9,1m,3,0.002699796063260186,0.008247422680412371,3.0548317306800765,23280,-5.297652439984754e-06,0.0002090477171031021
85,70,15,day,9,5m,1,0.31731050786291415,0.30078125,0.9479082556255742,23040,-3.465153598051753e-05,0.0004301454233032058
85,70,15,day,9,5m,2,0.045500263896358396,0.05412326388888889,1.1895153841782582,23040,-3.465153598051753e-05,0.0004301454233032058
85,70,15,day,9,5m,3,0.002699796063260186,0.0019097222222222222,0.7073579549990541,23040,-3.465153598051753e-05,0.0004301454233032058
85,70,15,day,10,1m,1,0.31731050786291415,0.2640463917525773,0.8321388205229301,23280,-1.129258915434409e-05,0.0003888498625781229
85,70,15,day,10,1m,2,0.045500263896358396,0.0506872852233677,1.1139998075357194,23280,-1.129258915434409e-05,0.0003888498625781229
85,70,15,day,10,1m,3,0.002699796063260186,0.011211340206185567,4.152661883893229,23280,-1.129258915434409e-05,0.0003888498625781229
85,70,15,day,10,5m,1,0.31731050786291415,0.2640625,0.8321895854582962,23040,-5.532894536562935e-05,0.0009542489808085557
85,70,15,day,10,5m,2,0.045500263896358396,0.07361111111111111,1.6178172346161395,23040,-5.532894536562935e-05,0.0009542489808085557
85,70,15,day,10,5m,3,0.002699796063260186,0.005859375,2.1703028164743707,23040,-5.532894536562935e-05,0.0009542489808085557
85,70,15,day,11,1m,1,0.31731050786291415,0.29179553264604813,0.9195898825137896,23280,-2.2766019691135568e-05,0.0004567391156907051
85,70,15,day,11,1m,2,0.045500263896358396,0.05124570446735395,1.1262726867712824,23280,-2.2766019691135568e-05,0.0004567391156907051
85,70,15,day,11,1m,3,0.002699796063260186,0.005713058419243986,2.116107396773178,23280,-2.2766019691135568e-05,0.0004567391156907051
85,70,15,day,11,5m,1,0.31731050786291415,0.32395833333333335,1.0209505367949907,23040,-0.00011852885943374219,0.000959244832715602
85,70,15,day,11,5m,2,0.045500263896358396,0.04079861111111111,0.8966675710726245,23040,-0.00011852885943374219,0.000959244832715602
85,70,15,day,11,5m,3,0.002699796063260186,0.0030381944444444445,1.1253422011348588,23040,-0.00011852885943374219,0.000959244832715602
85,70,15,day,12,1m,1,0.31731050786291415,0.28711340206185565,0.9048342079673442,23280,-2.1360995056271872e-06,0.00019854626006279638
85,70,15,day,12,1m,2,0.045500263896358396,0.04802405498281787,1.055467614258419,23280,-2.1360995056271872e-06,0.00019854626006279638
85,70,15,day,12,1m,3,0.002699796063260186,0.006872852233676976,2.5456931089000636,23280,-2.1360995056271872e-06,0.00019854626006279638
85,70,15,day,12,5m,1,0.31731050786291415,0.33328993055555556,1.0503589458800555,23040,-1.2814608022958097e-05,0.00043508192695495163
85,70,15,day,12,5m,2,0.045500263896358396,0.03693576388888889,0.8117703223221313,23040,-1.2814608022958097e-05,0.00043508192695495163
85,70,15,day,12,5m,3,0.002699796063260186,0.0033854166666666668,1.2539527384074143,23040,-1.2814608022958097e-05,0.00043508192695495163
85,70,15,day,13,1m,1,0.31731050786291415,0.24321305841924398,0.7664828374492972,23280,1.4628762365902076e-05,0.00024577979340284793
85,70,15,day,13,1m,2,0.045500263896358396,0.060738831615120274,1.3349116337758535,23280,1.4628762365902076e-05,0.00024577979340284793
85,70,15,day,13,1m,3,0.002699796063260186,0.015292096219931271,5.664167167302641,23280,1.4628762365902076e-05,0.00024577979340284793
85,70,15,day,13,5m,1,0.31731050786291415,0.2465277777777778,0.7769291330379887,23040,6.965735190282909e-05,0.0005623261467912142
85,70,15,day,13,5m,2,0.045500263896358396,0.0685763888888889,1.5071646407390924,23040,6.965735190282909e-05,0.0005623261467912142
85,70,15,day,13,5m,3,0.002699796063260186,0.011979166666666667,4.437063535903158,23040,6.965735190282909e-05,0.0005623261467912142
85,70,15,day,14,1m,1,0.31731050786291415,0.17508591065292095,0.551781004140469,23280,-5.120889008112918e-05,0.00033388694514316104
85,70,15,day,14,1m,2,0.045500263896358396,0.06898625429553265,1.5161726194087843,23280,-5.120889008112918e-05,0.00033388694514316104
85,70,15,day,14,1m,3,0.002699796063260186,0.02577319587628866,9.546349158375238,23280,-5.120889008112918e-05,0.00033388694514316104
85,70,15,day,14,5m,1,0.31731050786291415,0.20121527777777778,0.6341273698528372,23040,-0.00025192745422534466,0.0007712402922473503
85,70,15,day,14,5m,2,0.045500263896358396,0.06032986111111111,1.3259233231818597,23040,-0.00025192745422534466,0.0007712402922473503
85,70,15,day,14,5m,3,0.002699796063260186,0.017274305555555557,6.398374229309626,23040,-0.00025192745422534466,0.0007712402922473503
85,70,15,day,15,1m,1,0.31731050786291415,0.2589776632302406,0.8161647875276958,23280,1.0818794169685056e-05,0.00021531509885164144
85,70,15,day,15,1m,2,0.045500263896358396,0.054467353951890035,1.197077759284146,23280,1.0818794169685056e-05,0.00021531509885164144
85,70,15,day,15,1m,3,0.002699796063260186,0.011125429553264605,4.120840720031978,23280,1.0818794169685056e-05,0.00021531509885164144
85,70,15,day,15,5m,1,0.31731050786291415,0.2965277777777778,0.9345034924147075,23040,5.5955568125375014e-05,0.0004668557597300932
85,70,15,day,15,5m,2,0.045500263896358396,0.05716145833333333,1.256288501173028,23040,5.5955568125375014e-05,0.0004668557597300932
85,70,15,day,15,5m,3,0.002699796063260186,0.004644097222222222,1.720165936020427,23040,5.5955568125375014e-05,0.0004668557597300932
85,70,15,day,16,1m,1,0.31731050786291415,0.26335910652920963,0.8299728499473051,23280,-8.031877224161959e-06,0.00020405180871741266
85,70,15,day,16,1m,2,0.045500263896358396,0.05678694158075601,1.2480574114934078,23280,-8.031877224161959e-06,0.00020405180871741266
85,70,15,day,16,1m,3,0.002699796063260186,0.01095360824742268,4.057198392309476,23280,-8.031877224161959e-06,0.00020405180871741266
85,70,15,day,16,5m,1,0.31731050786291415,0.29249131944444445,0.9217826456941912,23040,-4.142878367557801e-05,0.0004506495463316368
85,70,15,day,16,5m,2,0.045500263896358396,0.05364583333333333,1.1790224657933657,23040,-4.142878367557801e-05,0.0004506495463316368
85,70,15,day,16,5m,3,0.002699796063260186,0.0078125,2.893737088632494,23040,-4.142878367557801e-05,0.0004506495463316368
85,70,15,day,17,1m,1,0.31731050786291415,0.28397766323024054,0.8949519672160551,23280,-1.8961532717733607e-05,0.0003622288754618557
85,70,15,day,17,1m,2,0.045500263896358396,0.04789518900343643,1.0526354113579044,23280,-1.8961532717733607e-05,0.0003622288754618557
85,70,15,day,17,1m,3,0.002699796063260186,0.009493127147766322,3.5162386066682125,23280,-1.8961532717733607e-05,0.0003622288754618557
85,70,15,day,17,5m,1,0.31731050786291415,0.32083333333333336,1.0111021393339459,23040,-0.00010098118889046677,0.0007771868777385902
85,70,15,day,17,5m,2,0.045500263896358396,0.04626736111111111,1.0168591816632104,23040,-0.00010098118889046677,0.0007771868777385902
85,70,15,day,17,5m,3,0.002699796063260186,0.0009982638888888888,0.36975529465859647,23040,-0.00010098118889046677,0.0007771868777385902
85,70,15,day,18,1m,1,0.31731050786291415,0.2992697594501718,0.9431448125237114,23280,-2.101732935792027e-06,0.0002262641309427127
85,70,15,day,18,1m,2,0.045500263896358396,0.051073883161512026,1.122496416237263,23280,-2.101732935792027e-06,0.0002262641309427127
85,70,15,day,18,1m,3,0.002699796063260186,0.0053264604810996565,1.9729121593975494,23280,-2.101732935792027e-06,0.0002262641309427127
85,70,15,day,18,5m,1,0.31731050786291415,0.31671006944444446,0.9981077260172894,23040,-1.5609761123884322e-05,0.0004721966302827085
85,70,15,day,18,5m,2,0.045500263896358396,0.047526041666666664,1.044522330132472,23040,-1.5609761123884322e-05,0.0004721966302827085
85,70,15,day,18,5m,3,0.002699796063260186,0.0015625,0.5787474177264988,23040,-1.5609761123884322e-05,0.0004721966302827085
85,70,15,day,19,1m,1,0.31731050786291415,0.26198453608247424,0.8256409087960551,23280,5.960092618197071e-06,0.0002935764467487853
85,70,15,day,19,1m,2,0.045500263896358396,0.05390893470790378,1.184804880048583,23280,5.960092618197071e-06,0.0002935764467487853
85,70,15,day,19,1m,3,0.002699796063260186,0.010996563573883162,4.073108974240102,23280,5.960092618197071e-06,0.0002935764467487853
85,70,15,day,19,5m,1,0.31731050786291415,0.29678819444444443,0.9353241922031279,23040,3.2300440456513546e-05,0.0006703919523709655
85,70,15,day,19,5m,2,0.045500263896358396,0.05073784722222222,1.1151110538126574,23040,3.2300440456513546e-05,0.0006703919523709655
85,70,15,day,19,5m,3,0.002699796063260186,0.009722222222222222,3.6010950436315485,23040,3.2300440456513546e-05,0.0006703919523709655
85,70,15,day,20,1m,1,0.31731050786291415,0.2589347079037801,0.8160294143667193,23280,1.7065060999602057e-05,0.0003042946563546546
85,70,15,day,20,1m,2,0.045500263896358396,0.057388316151202746,1.2612743583624755,23280,1.7065060999602057e-05,0.0003042946563546546
85,70,15,day,20,1m,3,0.002699796063260186,0.012242268041237113,4.534515850228238,23280,1.7065060999602057e-05,0.0003042946563546546
85,70,15,day,20,5m,1,0.31731050786291415,0.24969618055555556,0.7869143137971037,23040,9.8419773142803e-05,0.0007865022534161515
85,70,15,day,20,5m,2,0.045500263896358396,0.052083333333333336,1.144682005624627,23040,9.8419773142803e-05,0.0007865022534161515
85,70,15,day,20,5m,3,0.002699796063260186,0.01579861111111111,5.851779445901266,23040,9.8419773142803e-05,0.0007865022534161515
85,70,15,day,21,1m,1,0.31731050786291415,0.27495704467353954,0.8665236034109771,23280,-2.4227187291962494e-05,0.0003315792739816338
85,70,15,day,21,1m,2,0.045500263896358396,0.06099656357388316,1.3405760395768826,23280,-2.4227187291962494e-05,0.0003315792739816338
85,70,15,day,21,1m,3,0.002699796063260186,0.008805841924398625,3.2616692957782063,23280,-2.4227187291962494e-05,0.0003315792739816338
85,70,15,day,21,5m,1,0.31731050786291415,0.27877604166666664,0.8785591235040494,23040,-0.00013573671617293627,0.0008088183821650071
85,70,15,day,21,5m,2,0.045500263896358396,0.061197916666666664,1.3450013566089367,23040,-0.00013573671617293627,0.0008088183821650071
85,70,15,day,21,5m,3,0.002699796063260186,0.004991319444444444,1.8487764732929823,23040,-0.00013573671617293627,0.0008088183821650071
85,70,15,day,22,1m,1,0.31731050786291415,0.24054982817869416,0.7580897014687504,23280,-8.07102426288856e-06,0.0003438807500168183
85,70,15,day,22,1m,2,0.045500263896358396,0.054553264604811,1.1989658945511557,23280,-8.07102426288856e-06,0.0003438807500168183
85,70,15,day,22,1m,3,0.002699796063260186,0.013402061855670102,4.964101562355124,23280,-8.07102426288856e-06,0.0003438807500168183
85,70,15,day,22,5m,1,0.31731050786291415,0.27738715277777776,0.8741820579658073,23040,-4.124744481428491e-05,0.0007372640869035079
85,70,15,day,22,5m,2,0.045500263896358396,0.045399305555555554,0.9977811482361332,23040,-4.124744481428491e-05,0.0007372640869035079
85,70,15,day,22,5m,3,0.002699796063260186,0.012977430555555556,4.806818830561754,23040,-4.124744481428491e-05,0.0007372640869035079
85,70,15,day,23,1m,1,0.31731050786291415,0.2552405498281787,0.8043873225227347,23280,1.588412498629557e-05,0.00023833561326703294
85,70,15,day,23,1m,2,0.045500263896358396,0.047594501718213056,1.0460269379233704,23280,1.588412498629557e-05,0.00023833561326703294
85,70,15,day,23,1m,3,0.002699796063260186,0.014905498281786942,5.520971929927013,23280,1.588412498629557e-05,0.00023833561326703294
85,70,15,day,23,5m,1,0.31731050786291415,0.29908854166666665,0.9425737070008415,23040,7.876755594843675e-05,0.0004458872384551154
85,70,15,day,23,5m,2,0.045500263896358396,0.04609375,1.0130435749777948,23040,7.876755594843675e-05,0.0004458872384551154
85,70,15,day,23,5m,3,0.002699796063260186,0.01015625,3.7618582152222424,23040,7.876755594843675e-05,0.0004458872384551154
85,70,15,day,24,1m,1,0.31731050786291415,0.25051546391752577,0.7894962748153129,23280,3.3240446689991085e-06,0.00015416444448360876
85,70,15,day,24,1m,2,0.045500263896358396,0.05111683848797251,1.123440483870768,23280,3.3240446689991085e-06,0.00015416444448360876
85,70,15,day,24,1m,3,0.002699796063260186,0.01292955326460481,4.789085161118244,23280,3.3240446689991085e-06,0.00015416444448360876
85,70,15,day,24,5m,1,0.31731050786291415,0.28372395833333336,0.8941524194840375,23040,1.779723912758592e-05,0.00030682075607666435
85,70,15,day,24,5m,2,0.045500263896358396,0.05130208333333333,1.1275117755402575,23040,1.779723912758592e-05,0.00030682075607666435
85,70,15,day,24,5m,3,0.002699796063260186,0.007378472222222222,2.7329739170418,23040,1.779723912758592e-05,0.00030682075607666435
85,70,15,day,25,1m,1,0.31731050786291415,0.2764604810996564,0.8712616640451567,23280,1.9914350149545093e-05,0.00013914765069514233
85,70,15,day,25,1m,2,0.045500263896358396,0.05223367697594502,1.147986242341894,23280,1.9914350149545093e-05,0.00013914765069514233
85,70,15,day,25,1m,3,0.002699796063260186,0.01134020618556701,4.200393629685105,23280,1.9914350149545093e-05,0.00013914765069514233
85,70,15,day,25,5m,1,0.31731050786291415,0.280859375,0.8851247218114129,23040,0.00010213563177448026,0.00029957807666944016
85,70,15,day,25,5m,2,0.045500263896358396,0.04921875,1.0817244953152725,23040,0.00010213563177448026,0.00029957807666944016
85,70,15,day,25,5m,3,0.002699796063260186,0.010416666666666666,3.8583161181766585,23040,0.00010213563177448026,0.00029957807666944016
85,70,15,day,26,1m,1,0.31731050786291415,0.28260309278350515,0.8906200260648052,23280,4.253477425568052e-06,0.00025856823860743994
85,70,15,day,26,1m,2,0.045500263896358396,0.054939862542955326,1.2074625032526993,23280,4.253477425568052e-06,0.00025856823860743994
85,70,15,day,26,1m,3,0.002699796063260186,0.01013745704467354,3.754897335627594,23280,4.253477425568052e-06,0.00025856823860743994
85,70,15,day,26,5m,1,0.31731050786291415,0.2779947916666667,0.8760970241387883,23040,1.732133409726663e-05,0.0005200310656907506
85,70,15,day,26,5m,2,0.045500263896358396,0.05173611111111111,1.137050792253796,23040,1.732133409726663e-05,0.0005200310656907506
85,70,15,day,26,5m,3,0.002699796063260186,0.006597222222222222,2.4436002081785504,23040,1.732133409726663e-05,0.0005200310656907506
85,70,15,day,27,1m,1,0.31731050786291415,0.2775773195876289,0.8747813662305474,23280,1.2297955070161604e-05,0.00021561743072511834
85,70,15,day,27,1m,2,0.045500263896358396,0.05042955326460481,1.1083354017346905,23280,1.2297955070161604e-05,0.00021561743072511834
85,70,15,day,27,1m,3,0.002699796063260186,0.008805841924398625,3.2616692957782063,23280,1.2297955070161604e-05,0.00021561743072511834
85,70,15,day,27,5m,1,0.31731050786291415,0.25967881944444443,0.8183744723532194,23040,5.9152282075498585e-05,0.0004752531024139736
85,70,15,day,27,5m,2,0.045500263896358396,0.054947916666666666,1.2076395159339814,23040,5.9152282075498585e-05,0.0004752531024139736
85,70,15,day,27,5m,3,0.002699796063260186,0.013194444444444444,4.887200416357101,23040,5.9152282075498585e-05,0.0004752531024139736
85,70,15,day,28,1m,1,0.31731050786291415,0.25193298969072164,0.7939635891275394,23280,3.2796457354697865e-05,0.00047385765878489144
85,70,15,day,28,1m,2,0.045500263896358396,0.04132302405498282,0.9081930634316627,23280,3.2796457354697865e-05,0.00047385765878489144
85,70,15,day,28,1m,3,0.002699796063260186,0.009278350515463918,3.436685697015086,23280,3.2796457354697865e-05,0.00047385765878489144
85,70,15,day,28,5m,1,0.31731050786291415,0.2599826388888889,0.8193319554397099,23040,0.00016602178352098285,0.0009937995401767756
85,70,15,day,28,5m,2,0.045500263896358396,0.04674479166666667,1.0273521000481027,23040,0.00016602178352098285,0.0009937995401767756
85,70,15,day,28,5m,3,0.002699796063260186,0.011371527777777777,4.211995095676186,23040,0.00016602178352098285,0.0009937995401767756
85,70,15,day,29,1m,1,0.31731050786291415,0.24488831615120274,0.7717623907273832,23280,-1.351606718377616e-05,0.00025761805217182186
85,70,15,day,29,1m,2,0.045500263896358396,0.04677835051546392,1.0280896528867784,23280,-1.351606718377616e-05,0.00025761805217182186
85,70,15,day,29,1m,3,0.002699796063260186,0.014991408934707904,5.552793093788264,23280,-1.351606718377616e-05,0.00025761805217182186
85,70,15,day,29,5m,1,0.31731050786291415,0.23780381944444445,0.7494356901259049,23040,-6.0801548278479065e-05,0.000587629660536437
85,70,15,day,29,5m,2,0.045500263896358396,0.04600694444444445,1.0111357716350873,23040,-6.0801548278479065e-05,0.000587629660536437
85,70,15,day,29,5m,3,0.002699796063260186,0.011197916666666667,4.147689827039908,23040,-6.0801548278479065e-05,0.000587629660536437
85,70,15,day,30,1m,1,0.31731050786291415,0.2766323024054983,0.8718031566890629,23280,-1.4752906802319119e-05,0.00030632519125432225
85,70,15,day,30,1m,2,0.045500263896358396,0.05154639175257732,1.1328811602058164,23280,-1.4752906802319119e-05,0.00030632519125432225
85,70,15,day,30,1m,3,0.002699796063260186,0.010567010309278351,3.914003154933848,23280,-1.4752906802319119e-05,0.00030632519125432225
85,70,15,day,30,5m,1,0.31731050786291415,0.25338541666666664,0.7985408941330594,23040,-6.181698092321727e-05,0.0007334911020741391
85,70,15,day,30,5m,2,0.045500263896358396,0.06341145833333334,1.3936503418479833,23040,-6.181698092321727e-05,0.0007334911020741391
85,70,15,day,30,5m,3,0.002699796063260186,0.012673611111111111,4.6942846104482685,23040,-6.181698092321727e-05,0.0007334911020741391
85,70,15,day,31,1m,1,0.31731050786291415,0.2612113402061856,0.823204191898477,23280,5.885543315512697e-06,0.00029014516748053986
85,70,15,day,31,1m,2,0.045500263896358396,0.055326460481099654,1.2159591119542428,23280,5.885543315512697e-06,0.00029014516748053986
85,70,15,day,31,1m,3,0.002699796063260186,0.010395189003436426,3.850360827211346,23280,5.885543315512697e-06,0.00029014516748053986
85,70,15,day,31,5m,1,0.31731050786291415,0.2936197916666667,0.925339011444013,23040,2.2535715169574708e-05,0.0006504962736022506
85,70,15,day,31,5m,2,0.045500263896358396,0.053515625,1.176160760779304,23040,2.2535715169574708e-05,0.0006504962736022506
85,70,15,day,31,5m,3,0.002699796063260186,0.0069010416666666664,2.5561344282920366,23040,2.2535715169574708e-05,0.0006504962736022506
85,70,15,day,32,1m,1,0.31731050786291415,0.27452749140893473,0.8651698718012114,23280,6.324485500854297e-06,0.0004220379822372745
85,70,15,day,32,1m,2,0.045500263896358396,0.0506872852233677,1.1139998075357194,23280,6.324485500854297e-06,0.0004220379822372745
85,70,15,day,32,1m,3,0.002699796063260186,0.010180412371134021,3.770807917558219,23280,6.324485500854297e-06,0.0004220379822372745
85,70,15,day,32,5m,1,0.31731050786291415,0.29691840277777776,0.9357345420973381,23040,3.3095421241813526e-05,0.0009414229981593948
85,70,15,day,32,5m,2,0.045500263896358396,0.05529513888888889,1.2152707293048122,23040,3.3095421241813526e-05,0.0009414229981593948
85,70,15,day,32,5m,3,0.002699796063260186,0.0049479166666666664,1.832700156133913,23040,3.3095421241813526e-05,0.0009414229981593948
85,70,15,day,33,1m,1,0.31731050786291415,0.28908934707903783,0.9110613733722662,23280,-1.2431222595380987e-05,0.0006740306307051845
85,70,15,day,33,1m,2,0.045500263896358396,0.04536082474226804,0.9969354209811184,23280,-1.2431222595380987e-05,0.0006740306307051845
85,70,15,day,33,1m,3,0.002699796063260186,0.006486254295532646,2.402497871524435,23280,-1.2431222595380987e-05,0.0006740306307051845
85,70,15,day,33,5m,1,0.31731050786291415,0.3246527777777778,1.0231390695641118,23040,-4.6341577892657083e-05,0.001532421168833168
85,70,15,day,33,5m,2,0.045500263896358396,0.04309895833333333,0.9472243596543788,23040,-4.6341577892657083e-05,0.001532421168833168
85,70,15,day,33,5m,3,0.002699796063260186,0.002777777777777778,1.0288842981804425,23040,-4.6341577892657083e-05,0.001532421168833168
85,70,15,day,34,1m,1,0.31731050786291415,0.2586769759450172,0.8152171754008599,23280,-1.3084277939096186e-05,0.00027646169405479116
85,70,15,day,34,1m,2,0.045500263896358396,0.056872852233676975,1.2499455467604175,23280,-1.3084277939096186e-05,0.00027646169405479116
85,70,15,day,34,1m,3,0.002699796063260186,0.01095360824742268,4.057198392309476,23280,-1.3084277939096186e-05,0.00027646169405479116
85,70,15,day,34,5m,1,0.31731050786291415,0.3057725694444444,0.963638334903632,23040,-7.926555417150009e-05,0.0005195810278432359
85,70,15,day,34,5m,2,0.045500263896358396,0.057291666666666664,1.2591502061870896,23040,-7.926555417150009e-05,0.0005195810278432359
85,70,15,day,34,5m,3,0.002699796063260186,0.003472222222222222,1.286105372725553,23040,-7.926555417150009e-05,0.0005195810278432359
85,70,15,day,35,1m,1,0.31731050786291415,0.268213058419244,0.8452700171376567,23280,2.6241699700900977e-05,0.0002785965452456558
85,70,15,day,35,1m,2,0.045500263896358396,0.04699312714776632,1.0328099910543025,23280,2.6241699700900977e-05,0.0002785965452456558
85,70,15,day,35,1m,3,0.002699796063260186,0.011125429553264605,4.120840720031978,23280,2.6241699700900977e-05,0.0002785965452456558
85,70,15,day,35,5m,1,0.31731050786291415,0.3036024305555556,0.9567991700001287,23040,0.00012696853386606345,0.0005744401637727877
85,70,15,day,35,5m,2,0.045500263896358396,0.04809027777777778,1.0569230518600723,23040,0.00012696853386606345,0.0005744401637727877
85,70,15,day,35,5m,3,0.002699796063260186,0.005078125,1.8809291076111212,23040,0.00012696853386606345,0.0005744401637727877
85,70,15,day,36,1m,1,0.31731050786291415,0.2700171821305842,0.8509556898986722,23280,5.249335972766854e-05,0.0011916123188061467
85,70,15,day,36,1m,2,0.045500263896358396,0.05021477663230241,1.1036150635671662,23280,5.249335972766854e-05,0.0011916123188061467
85,70,15,day,36,1m,3,0.002699796063260186,0.010695876288659794,3.961734900725724,23280,5.249335972766854e-05,0.0011916123188061467
85,70,15,day,36,5m,1,0.31731050786291415,0.24756944444444445,0.7802119321916704,23040,0.00030303889635851177,0.0023739544084191346
85,70,15,day,36,5m,2,0.045500263896358396,0.05894097222222222,1.2953984696985361,23040,0.00030303889635851177,0.0023739544084191346
85,70,15,day,36,5m,3,0.002699796063260186,0.018359375,6.800282158286362,23040,0.00030303889635851177,0.0023739544084191346
85,70,15,day,37,1m,1,0.31731050786291415,0.2504295532646048,0.7892255284933598,23280,-1.9003297861162393e-06,0.00023667919376506283
85,70,15,day,37,1m,2,0.045500263896358396,0.03900343642611684,0.857213411222401,23280,-1.9003297861162393e-06,0.00023667919376506283
85,70,15,day,37,1m,3,0.002699796063260186,0.009621993127147767,3.5639703524600894,23280,-1.9003297861162393e-06,0.00023667919376506283
85,70,15,day,37,5m,1,0.31731050786291415,0.2762586805555556,0.8706256922159856,23040,-9.379767441767233e-06,0.0004983040084920823
85,70,15,day,37,5m,2,0.045500263896358396,0.046397569444444446,1.0197208866772718,23040,-9.379767441767233e-06,0.0004983040084920823
85,70,15,day,37,5m,3,0.002699796063260186,0.009809027777777778,3.633247677949687,23040,-9.379767441767233e-06,0.0004983040084920823
85,70,15,day,38,1m,1,0.31731050786291415,0.28303264604810996,0.8919737576745708,23280,5.098656557279511e-06,0.0003309689892763474
85,70,15,day,38,1m,2,0.045500263896358396,0.04725085910652921,1.0384743968553316,23280,5.098656557279511e-06,0.0003309689892763474
85,70,15,day,38,1m,3,0.002699796063260186,0.009579037800687286,3.548059770529464,23280,5.098656557279511e-06,0.0003309689892763474
85,70,15,day,38,5m,1,0.31731050786291415,0.2805989583333333,0.8843040220229923,23040,2.5127982132963422e-05,0.0007117321278261721
85,70,15,day,38,5m,2,0.045500263896358396,0.059722222222222225,1.3125686997829056,23040,2.5127982132963422e-05,0.0007117321278261721
85,70,15,day,38,5m,3,0.002699796063260186,0.007421875,2.7490502342008694,23040,2.5127982132963422e-05,0.0007117321278261721
85,70,15,day,39,1m,1,0.31731050786291415,0.26486254295532646,0.8347109105814848,23280,8.274677690879578e-06,0.0004512653274505064
85,70,15,day,39,1m,2,0.045500263896358396,0.05408075601374571,1.1885811505826025,23280,8.274677690879578e-06,0.0004512653274505064
85,70,15,day,39,1m,3,0.002699796063260186,0.011297250859106529,4.18448304775448,23280,8.274677690879578e-06,0.0004512653274505064
85,70,15,day,39,5m,1,0.31731050786291415,0.25872395833333334,0.8153652397956779,23040,3.723744994168418e-05,0.001003340970669177
85,70,15,day,39,5m,2,0.045500263896358396,0.05399305555555556,1.1866536791641966,23040,3.723744994168418e-05,0.001003340970669177
85,70,15,day,39,5m,3,0.002699796063260186,0.0171875,6.3662215949914875,23040,3.723744994168418e-05,0.001003340970669177
85,70,15,day,40,1m,1,0.31731050786291415,0.23694158075601374,0.7467183559467191,23280,1.4015801071656614e-05,0.00024335634177100846
85,70,15,day,40,1m,2,0.045500263896358396,0.04780927835051546,1.0507472760908947,23280,1.4015801071656614e-05,0.00024335634177100846
85,70,15,day,40,1m,3,0.002699796063260186,0.014347079037800687,5.314134364828883,23280,1.4015801071656614e-05,0.00024335634177100846
85,70,15,day,40,5m,1,0.31731050786291415,0.28546006944444446,0.8996237514068401,23040,8.199556922842307e-05,0.0004551961250092184
85,70,15,day,40,5m,2,0.045500263896358396,0.04796006944444445,1.0540613468460107,23040,8.199556922842307e-05,0.0004551961250092184
85,70,15,day,40,5m,3,0.002699796063260186,0.00859375,3.1831107974957438,23040,8.199556922842307e-05,0.0004551961250092184
85,70,15,day,41,1m,1,0.31731050786291415,0.28191580756013745,0.8884540554891801,23280,6.3822520038300545e-06,0.0002703825445271006
85,70,15,day,41,1m,2,0.045500263896358396,0.052104810996563576,1.1451540394413795,23280,6.3822520038300545e-06,0.0002703825445271006
85,70,15,day,41,1m,3,0.002699796063260186,0.009321305841924398,3.452596278945711,23280,6.3822520038300545e-06,0.0002703825445271006
85,70,15,day,41,5m,1,0.31731050786291415,0.29986979166666666,0.9450358063661027,23040,4.175771104335598e-05,0.0005801964384792653
85,70,15,day,41,5m,2,0.045500263896358396,0.049088541666666666,1.078862790301211,23040,4.175771104335598e-05,0.0005801964384792653
85,70,15,day,41,5m,3,0.002699796063260186,0.0023003472222222223,0.8520448094306788,23040,4.175771104335598e-05,0.0005801964384792653
85,70,15,day,42,1m,1,0.31731050786291415,0.2756872852233677,0.8688249471475786,23280,9.92494181367052e-06,0.00013187517064755568
85,70,15,day,42,1m,2,0.045500263896358396,0.04729381443298969,1.0394184644888365,23280,9.92494181367052e-06,0.00013187517064755568
85,70,15,day,42,1m,3,0.002699796063260186,0.009106529209621994,3.3730433692925845,23280,9.92494181367052e-06,0.00013187517064755568
85,70,15,day,42,5m,1,0.31731050786291415,0.3208767361111111,1.011238922632016,23040,4.716533360231674e-05,0.0002831614790962725
85,70,15,day,42,5m,2,0.045500263896358396,0.039496527777777776,0.8680505209320087,23040,4.716533360231674e-05,0.0002831614790962725
85,70,15,day,42,5m,3,0.002699796063260186,0.003125,1.1574948354529977,23040,4.716533360231674e-05,0.0002831614790962725
85,70,15,day,43,1m,1,0.31731050786291415,0.2554123711340206,0.8049288151666409,23280,1.4328899255189067e-05,0.00019939988538946878
85,70,15,day,43,1m,2,0.045500263896358396,0.05322164948453608,1.1696997979125054,23280,1.4328899255189067e-05,0.00019939988538946878
85,70,15,day,43,1m,3,0.002699796063260186,0.013402061855670102,4.964101562355124,23280,1.4328899255189067e-05,0.00019939988538946878
85,70,15,day,43,5m,1,0.31731050786291415,0.23680555555555555,0.7462896742702934,23040,6.701763709472252e-05,0.0004335566710458834
85,70,15,day,43,5m,2,0.045500263896358396,0.04609375,1.0130435749777948,23040,6.701763709472252e-05,0.0004335566710458834
85,70,15,day,43,5m,3,0.002699796063260186,0.014149305555555556,5.240879393856629,23040,6.701763709472252e-05,0.0004335566710458834
85,70,15,day,44,1m,1,0.31731050786291415,0.27744845360824744,0.8743752467476177,23280,-4.000569646444175e-06,0.00032609609814282064
85,70,15,day,44,1m,2,0.045500263896358396,0.052534364261168386,1.1545947157764278,23280,-4.000569646444175e-06,0.00032609609814282064
85,70,15,day,44,1m,3,0.002699796063260186,0.009063573883161513,3.357132787361959,23280,-4.000569646444175e-06,0.00032609609814282064
85,70,15,day,44,5m,1,0.31731050786291415,0.272265625,0.8580416287935393,23040,-1.0664188468363635e-05,0.0007711920034195249
85,70,15,day,44,5m,2,0.045500263896358396,0.048914930555555555,1.0750471836157955,23040,-1.0664188468363635e-05,0.0007711920034195249
85,70,15,day,44,5m,3,0.002699796063260186,0.008506944444444444,3.1509581631776045,23040,-1.0664188468363635e-05,0.0007711920034195249
85,70,15,day,45,1m,1,0.31731050786291415,0.2609536082474227,0.8223919529326177,23280,-9.85779954228541e-06,0.00023610705808547338
85,70,15,day,45,1m,2,0.045500263896358396,0.050945017182130584,1.1196642133367485,23280,-9.85779954228541e-06,0.00023610705808547338
85,70,15,day,45,1m,3,0.002699796063260186,0.009707903780068729,3.59579151632134,23280,-9.85779954228541e-06,0.00023610705808547338
85,70,15,day,45,5m,1,0.31731050786291415,0.31671006944444446,0.9981077260172894,23040,-4.9668902216035354e-05,0.0004712572493883681
85,70,15,day,45,5m,2,0.045500263896358396,0.04652777777777778,1.0225825916913334,23040,-4.9668902216035354e-05,0.0004712572493883681
85,70,15,day,45,5m,3,0.002699796063260186,0.003515625,1.3021816898846224,23040,-4.9668902216035354e-05,0.0004712572493883681
85,70,15,day,46,1m,1,0.31731050786291415,0.2460910652920962,0.775552839234727,23280,1.5871223174734668e-05,0.00015958270902595616
85,70,15,day,46,1m,2,0.045500263896358396,0.050558419243986255,1.111167604635205,23280,1.5871223174734668e-05,0.00015958270902595616
85,70,15,day,46,1m,3,0.002699796063260186,0.01563573883161512,5.791451822747645,23280,1.5871223174734668e-05,0.00015958270902595616
85,70,15,day,46,5m,1,0.31731050786291415,0.28515625,0.8986662683203496,23040,7.577936051099961e-05,0.00033283786021824044
85,70,15,day,46,5m,2,0.045500263896358396,0.03697916666666667,0.8127242239934852,23040,7.577936051099961e-05,0.00033283786021824044
85,70,15,day,46,5m,3,0.002699796063260186,0.012717013888888889,4.710360927607337,23040,7.577936051099961e-05,0.00033283786021824044
85,70,15,day,47,1m,1,0.31731050786291415,0.2727233676975945,0.8594841990401957,23280,5.528402075640886e-07,0.00018465109508632738
85,70,15,day,47,1m,2,0.045500263896358396,0.05390893470790378,1.184804880048583,23280,5.528402075640886e-07,0.00018465109508632738
85,70,15,day,47,1m,3,0.002699796063260186,0.007946735395189003,2.9434576571656983,23280,5.528402075640886e-07,0.00018465109508632738
85,70,15,day,47,5m,1,0.31731050786291415,0.2935329861111111,0.9250654448478728,23040,-3.1793736667608147e-06,0.0004256201858431038
85,70,15,day,47,5m,2,0.045500263896358396,0.05412326388888889,1.1895153841782582,23040,-3.1793736667608147e-06,0.0004256201858431038
85,70,15,day,47,5m,3,0.002699796063260186,0.0020399305555555557,0.7555869064762624,23040,-3.1793736667608147e-06,0.0004256201858431038
85,70,15,day,48,1m,1,0.31731050786291415,0.28260309278350515,0.8906200260648052,23280,7.852216799168835e-07,0.00024179511817872313
85,70,15,day,48,1m,2,0.045500263896358396,0.04596219931271478,1.0101523678501863,23280,7.852216799168835e-07,0.00024179511817872313
85,70,15,day,48,1m,3,0.002699796063260186,0.008247422680412371,3.0548317306800765,23280,7.852216799168835e-07,0.00024179511817872313
85,70,15,day,48,5m,1,0.31731050786291415,0.30876736111111114,0.9730763824704669,23040,1.0700118990455282e-06,0.0004915308663168408
85,70,15,day,48,5m,2,0.045500263896358396,0.05065104166666667,1.1132032504699498,23040,1.0700118990455282e-06,0.0004915308663168408
85,70,15,day,48,5m,3,0.002699796063260186,0.005078125,1.8809291076111212,23040,1.0700118990455282e-06,0.0004915308663168408
85,70,15,day,49,1m,1,0.31731050786291415,0.2409364261168385,0.7593080599175395,23280,2.6405849707757323e-05,0.0003516105390043011
85,70,15,day,49,1m,2,0.045500263896358396,0.05313573883161512,1.1678116626454957,23280,2.6405849707757323e-05,0.0003516105390043011
85,70,15,day,49,1m,3,0.002699796063260186,0.01563573883161512,5.791451822747645,23280,2.6405849707757323e-05,0.0003516105390043011
85,70,15,day,49,5m,1,0.31731050786291415,0.2525607638888889,0.7959420114697281,23040,0.00013477330167968683,0.0008273920086720026
85,70,15,day,49,5m,2,0.045500263896358396,0.055859375,1.2276714510324125,23040,0.00013477330167968683,0.0008273920086720026
85,70,15,day,49,5m,3,0.002699796063260186,0.014453125,5.3534136139701145,23040,0.00013477330167968683,0.0008273920086720026
85,70,15,day,50,1m,1,0.31731050786291415,0.275085910652921,0.8669297228939068,23280,-5.588427524883921e-06,0.00022173070897239152
85,70,15,day,50,1m,2,0.045500263896358396,0.04686426116838488,1.0299777881537882,23280,-5.588427524883921e-06,0.00022173070897239152
85,70,15,day,50,1m,3,0.002699796063260186,0.01052405498281787,3.8980925730032228,23280,-5.588427524883921e-06,0.00022173070897239152
85,70,15,day,50,5m,1,0.31731050786291415,0.2759982638888889,0.869804992427565,23040,-3.705328050425314e-05,0.0004903298600031826
85,70,15,day,50,5m,2,0.045500263896358396,0.05269097222222222,1.158036629023581,23040,-3.705328050425314e-05,0.0004903298600031826
85,70,15,day,50,5m,3,0.002699796063260186,0.008159722222222223,3.0223476259050495,23040,-3.705328050425314e-05,0.0004903298600031826
85,70,15,day,51,1m,1,0.31731050786291415,0.1941151202749141,0.6117513144530863,23280,6.380074633321928e-06,0.0006694959426208131
85,70,15,day,51,1m,2,0.045500263896358396,0.05554123711340206,1.220679450121767,23280,6.380074633321928e-06,0.0006694959426208131
85,70,15,day,51,1m,3,0.002699796063260186,0.016280068728522338,6.030110551707026,23280,6.380074633321928e-06,0.0006694959426208131
85,70,15,day,51,5m,1,0.31731050786291415,0.19561631944444444,0.6164823244017984,23040,2.6410107565608845e-05,0.001556650228478071
85,70,15,day,51,5m,2,0.045500263896358396,0.05177951388888889,1.13800469392515,23040,2.6410107565608845e-05,0.001556650228478071
85,70,15,day,51,5m,3,0.002699796063260186,0.026779513888888887,9.919087687145826,23040,2.6410107565608845e-05,0.001556650228478071
85,70,15,day,52,1m,1,0.31731050786291415,0.23122852233676977,0.7287137255368363,23280,4.204542425093426e-06,0.00019228241433136983
85,70,15,day,52,1m,2,0.045500263896358396,0.056400343642611685,1.239560802791864,23280,4.204542425093426e-06,0.00019228241433136983
85,70,15,day,52,1m,3,0.002699796063260186,0.017912371134020617,6.63471266507079,23280,4.204542425093426e-06,0.00019228241433136983
85,70,15,day,52,5m,1,0.31731050786291415,0.22760416666666666,0.7172916150794388,23040,2.80770811595437e-05,0.0004008231329000455
85,70,15,day,52,5m,2,0.045500263896358396,0.06909722222222223,1.5186114607953385,23040,2.80770811595437e-05,0.0004008231329000455
85,70,15,day,52,5m,3,0.002699796063260186,0.013888888888888888,5.144421490902212,23040,2.80770811595437e-05,0.0004008231329000455
85,70,15,day,53,1m,1,0.31731050786291415,0.2719931271477663,0.8571828553035941,23280,1.849203688307597e-05,0.00025417230917142684
85,70,15,day,53,1m,2,0.045500263896358396,0.0547680412371134,1.20368623271868,23280,1.849203688307597e-05,0.00025417230917142684
85,70,15,day,53,1m,3,0.002699796063260186,0.00854810996563574,3.1662058041944543,23280,1.849203688307597e-05,0.00025417230917142684
85,70,15,day,53,5m,1,0.31731050786291415,0.2930989583333333,0.923697611867172,23040,8.615417356500672e-05,0.0004985695099604947
85,70,15,day,53,5m,2,0.045500263896358396,0.055164930555555554,1.2124090242907506,23040,8.615417356500672e-05,0.0004985695099604947
85,70,15,day,53,5m,3,0.002699796063260186,0.005685763888888889,2.105997547838093,23040,8.615417356500672e-05,0.0004985695099604947
85,70,15,day,54,1m,1,0.31731050786291415,0.2155068728522337,0.6791671486194144,23280,2.274533256640734e-06,0.0004079962292358585
85,70,15,day,54,1m,2,0.045500263896358396,0.06069587628865979,1.3339675661423487,23280,2.274533256640734e-06,0.0004079962292358585
85,70,15,day,54,1m,3,0.002699796063260186,0.020833333333333332,7.716632236353317,23280,2.274533256640734e-06,0.0004079962292358585
85,70,15,day,54,5m,1,0.31731050786291415,0.20872395833333332,0.6577908804189591,23040,3.1013930647272004e-05,0.0010861457733669694
85,70,15,day,54,5m,2,0.045500263896358396,0.05846354166666667,1.2849055513136438,23040,3.1013930647272004e-05,0.0010861457733669694
85,70,15,day,54,5m,3,0.002699796063260186,0.014583333333333334,5.401642565447323,23040,3.1013930647272004e-05,0.0010861457733669694
85,70,15,day,55,1m,1,0.31731050786291415,0.2713487972508591,0.8551522578889457,23280,2.070312832814943e-05,0.0003602109633808948
85,70,15,day,55,1m,2,0.045500263896358396,0.05524054982817869,1.214070976687233,23280,2.070312832814943e-05,0.0003602109633808948
85,70,15,day,55,1m,3,0.002699796063260186,0.008805841924398625,3.2616692957782063,23280,2.070312832814943e-05,0.0003602109633808948
85,70,15,day,55,5m,1,0.31731050786291415,0.3140190972222222,0.9896271615369451,23040,0.00010313294050502281,0.0007937028742070375
85,70,15,day,55,5m,2,0.045500263896358396,0.04600694444444445,1.0111357716350873,23040,0.00010313294050502281,0.0007937028742070375
85,70,15,day,55,5m,3,0.002699796063260186,0.0009114583333333333,0.33760266034045766,23040,0.00010313294050502281,0.0007937028742070375
85,70,15,day,56,1m,1,0.31731050786291415,0.20536941580756013,0.6472190826289456,23280,8.745603223519192e-06,0.0002703983073229097
85,70,15,day,56,1m,2,0.045500263896358396,0.04656357388316151,1.0233693147192542,23280,8.745603223519192e-06,0.0002703983073229097
85,70,15,day,56,1m,3,0.002699796063260186,0.011898625429553264,4.407231194783235,23280,8.745603223519192e-06,0.0002703983073229097
85,70,15,day,56,5m,1,0.31731050786291415,0.222265625,0.7004672694168204,23040,4.3656497547837664e-05,0.0005826285012824763
85,70,15,day,56,5m,2,0.045500263896358396,0.056553819444444445,1.2429338777740742,23040,4.3656497547837664e-05,0.0005826285012824763
85,70,15,day,56,5m,3,0.002699796063260186,0.02230902777777778,8.263227019761677,23040,4.3656497547837664e-05,0.0005826285012824763
85,70,15,day,57,1m,1,0.31731050786291415,0.25189003436426116,0.7938282159665628,23280,1.8082122363812498e-09,0.0001387688109492716
85,70,15,day,57,1m,2,0.045500263896358396,0.05373711340206186,1.1810286095145637,23280,1.8082122363812498e-09,0.0001387688109492716
85,70,15,day,57,1m,3,0.002699796063260186,0.012800687285223367,4.741353415326368,23280,1.8082122363812498e-09,0.0001387688109492716
85,70,15,day,57,5m,1,0.31731050786291415,0.2513454861111111,0.7921120791237664,23040,3.8029967410371904e-06,0.00030520000299969337
85,70,15,day,57,5m,2,0.045500263896358396,0.059071180555555554,1.2982601747125977,23040,3.8029967410371904e-06,0.00030520000299969337
85,70,15,day,57,5m,3,0.002699796063260186,0.010720486111111111,3.9708503382901448,23040,3.8029967410371904e-06,0.00030520000299969337
85,70,15,day,58,1m,1,0.31731050786291415,0.26129725085910654,0.8234749382204302,23280,-2.516244002520303e-05,0.0005239313670103298
85,70,15,day,58,1m,2,0.045500263896358396,0.05743127147766323,1.2622184259959803,23280,-2.516244002520303e-05,0.0005239313670103298
85,70,15,day,58,1m,3,0.002699796063260186,0.010309278350515464,3.818539663350095,23280,-2.516244002520303e-05,0.0005239313670103298
85,70,15,day,58,5m,1,0.31731050786291415,0.2838107638888889,0.8944259860801774,23040,-0.00012395809487369638,0.0010799990586659964
85,70,15,day,58,5m,2,0.045500263896358396,0.06315104166666667,1.3879269318198604,23040,-0.00012395809487369638,0.0010799990586659964
85,70,15,day,58,5m,3,0.002699796063260186,0.006510416666666667,2.411447573860412,23040,-0.00012395809487369638,0.0010799990586659964
85,70,15,day,59,1m,1,0.31731050786291415,0.2734965635738832,0.861920915937774,23280,-1.8082805769677042e-06,0.00027558149729104927
85,70,15,day,59,1m,2,0.045500263896358396,0.05571305841924399,1.2244557206557867,23280,-1.8082805769677042e-06,0.00027558149729104927
85,70,15,day,59,1m,3,0.002699796063260186,0.010395189003436426,3.850360827211346,23280,-1.8082805769677042e-06,0.00027558149729104927
85,70,15,day,59,5m,1,0.31731050786291415,0.2685329861111111,0.8462782651595133,23040,-9.981289637924826e-06,0.0006143190288930832
85,70,15,day,59,5m,2,0.045500263896358396,0.052473958333333334,1.1532671206668117,23040,-9.981289637924826e-06,0.0006143190288930832
85,70,15,day,59,5m,3,0.002699796063260186,0.011241319444444444,4.163766144198978,23040,-9.981289637924826e-06,0.0006143190288930832
85,70,15,day,60,1m,1,0.31731050786291415,0.13954703832752613,0.4397807033475672,17220,-1.211408976305939e-05,0.00020088969887302647
85,70,15,day,60,1m,2,0.045500263896358396,0.03710801393728223,0.8155560157147169,17220,-1.211408976305939e-05,0.00020088969887302647
85,70,15,day,60,1m,3,0.002699796063260186,0.0173054587688734,6.4099133280370415,17220,-1.211408976305939e-05,0.00020088969887302647
85,70,15,day,60,5m,1,0.31731050786291415,0.15217903415783274,0.47959027635976614,16980,-5.668292420654397e-05,0.0003770669967731791
85,70,15,day,60,5m,2,0.045500263896358396,0.04263839811542992,0.9371022157707193,16980,-5.668292420654397e-05,0.0003770669967731791
85,70,15,day,60,5m,3,0.002699796063260186,0.022791519434628975,8.441941132067093,16980,-5.668292420654397e-05,0.0003770669967731791
85,70,15,day,61,1m,1,0.31731050786291415,0.23764347622394003,0.7489303705208773,17076,2.4337474839074233e-05,0.00038306434588532664
85,70,15,day,61,1m,2,0.045500263896358396,0.04948465682829702,1.0875685675365394,17076,2.4337474839074233e-05,0.00038306434588532664
85,70,15,day,61,1m,3,0.002699796063260186,0.01294214101663153,4.793747643665729,17076,2.4337474839074233e-05,0.00038306434588532664
85,70,15,day,61,5m,1,0.31731050786291415,0.21317415062960324,0.6718156044227178,16836,0.0001224709119090679,0.0008232089442764648
85,70,15,day,61,5m,2,0.045500263896358396,0.06361368496079829,1.3980948573331153,16836,0.0001224709119090679,0.0008232089442764648
85,70,15,day,61,5m,3,0.002699796063260186,0.020669992872416252,7.656131199575067,16836,0.0001224709119090679,0.0008232089442764648
85,70,15,day,62,1m,1,0.31731050786291415,0.2498646087191985,0.7874451129968444,14772,2.2362445213480496e-05,0.00021733516760559957
85,70,15,day,62,1m,2,0.045500263896358396,0.05381803411860276,1.1828070764862109,14772,2.2362445213480496e-05,0.00021733516760559957
85,70,15,day,62,1m,3,0.002699796063260186,0.01083130246412131,4.011896532303918,14772,2.2362445213480496e-05,0.00021733516760559957
85,70,15,day,62,5m,1,0.31731050786291415,0.3003027800715662,0.9464003637764946,14532,0.00010988809797741058,0.00042818179522318876
85,70,15,day,62,5m,2,0.045500263896358396,0.051610239471511145,1.13428439863712,14532,0.00010988809797741058,0.00042818179522318876
85,70,15,day,62,5m,3,0.002699796063260186,0.007569501789154968,2.8037309529277126,14532,0.00010988809797741058,0.00042818179522318876
85,70,15,day,63,1m,1,0.31731050786291415,0.2149369804237061,0.6773711399326369,14916,-1.3571425388511337e-06,0.000430362691602216
85,70,15,day,63,1m,2,0.045500263896358396,0.052695092518101366,1.1581271844517544,14916,-1.3571425388511337e-06,0.000430362691602216
85,70,15,day,63,1m,3,0.002699796063260186,0.017565030839367123,6.506058393964825,14916,-1.3571425388511337e-06,0.000430362691602216
85,70,15,day,63,5m,1,0.31731050786291415,0.25633687653311527,0.8078423820866941,14676,8.247371669085371e-06,0.0009012074245707695
85,70,15,day,63,5m,2,0.045500263896358396,0.05560098119378577,1.2219924992179174,14676,8.247371669085371e-06,0.0009012074245707695
85,70,15,day,63,5m,3,0.002699796063260186,0.017239029708367402,6.38530811380994,14676,8.247371669085371e-06,0.0009012074245707695
85,70,15,day,64,1m,1,0.31731050786291415,0.26804757998359313,0.8447485139678897,14628,-4.736422680255558e-06,0.0002456001587490802
85,70,15,day,64,1m,2,0.045500263896358396,0.053732567678424936,1.180928704080009,14628,-4.736422680255558e-06,0.0002456001587490802
85,70,15,day,64,1m,3,0.002699796063260186,0.009980858627290128,3.696893540631942,14628,-4.736422680255558e-06,0.0002456001587490802
85,70,15,day,64,5m,1,0.31731050786291415,0.2950375312760634,0.9298069996582867,14388,-2.5180073254626455e-05,0.0004471650864640085
85,70,15,day,64,5m,2,0.045500263896358396,0.05532388101195441,1.215902420653482,14388,-2.5180073254626455e-05,0.0004471650864640085
85,70,15,day,64,5m,3,0.002699796063260186,0.0029886016124548234,1.106973098125747,14388,-2.5180073254626455e-05,0.0004471650864640085
85,70,15,day,80,1m,1,0.31731050786291415,0.2961769759450172,0.9333979449333989,23280,1.0843789217381333e-06,0.0001567327134379424
85,70,15,day,80,1m,2,0.045500263896358396,0.04879725085910653,1.072460831661506,23280,1.0843789217381333e-06,0.0001567327134379424
85,70,15,day,80,1m,3,0.002699796063260186,0.007345360824742268,2.7207095101369427,23280,1.0843789217381333e-06,0.0001567327134379424
85,70,15,day,80,5m,1,0.31731050786291415,0.29813368055555556,0.9395644744433,23040,-4.83066514447334e-07,0.00032788344598628323
85,70,15,day,80,5m,2,0.045500263896358396,0.048741319444444445,1.0712315769303802,23040,-4.83066514447334e-07,0.00032788344598628323
85,70,15,day,80,5m,3,0.002699796063260186,0.008506944444444444,3.1509581631776045,23040,-4.83066514447334e-07,0.00032788344598628323
85,70,15,day,81,1m,1,0.31731050786291415,0.2006872852233677,0.6324634080825003,23280,7.498792579004859e-06,0.00017720029046358902
85,70,15,day,81,1m,2,0.045500263896358396,0.05910652920962199,1.2990370637026694,23280,7.498792579004859e-06,0.00017720029046358902
85,70,15,day,81,1m,3,0.002699796063260186,0.019329896907216496,7.1597618687814295,23280,7.498792579004859e-06,0.00017720029046358902
85,70,15,day,81,5m,1,0.31731050786291415,0.1931857638888889,0.6088224597098746,23040,3.666741682839084e-05,0.0004066757331901931
85,70,15,day,81,5m,2,0.045500263896358396,0.047309027777777776,1.0397528217757028,23040,3.666741682839084e-05,0.0004066757331901931
85,70,15,day,81,5m,3,0.002699796063260186,0.025607638888888888,9.485027123850953,23040,3.666741682839084e-05,0.0004066757331901931
85,70,15,day,82,1m,1,0.31731050786291415,0.27328178694158073,0.861244050132891,23280,6.709153554728648e-06,0.00016548585106427414
85,70,15,day,82,1m,2,0.045500263896358396,0.049570446735395186,1.0894540490645934,23280,6.709153554728648e-06,0.00016548585106427414
85,70,15,day,82,1m,3,0.002699796063260186,0.008290378006872852,3.070742312610702,23280,6.709153554728648e-06,0.00016548585106427414
85,70,15,day,82,5m,1,0.31731050786291415,0.28802083333333334,0.9076939659929741,23040,2.9670060469823836e-05,0.000348856853724442
85,70,15,day,82,5m,2,0.045500263896358396,0.056727430555555555,1.2467494844594895,23040,2.9670060469823836e-05,0.000348856853724442
85,70,15,day,82,5m,3,0.002699796063260186,0.004904513888888889,1.8166238389748435,23040,2.9670060469823836e-05,0.000348856853724442
85,70,15,day,83,1m,1,0.31731050786291415,0.28823024054982815,0.9083539101527348,23280,2.3969598855958218e-05,0.0004379678056631669
85,70,15,day,83,1m,2,0.045500263896358396,0.05627147766323024,1.2367285998913495,23280,2.3969598855958218e-05,0.0004379678056631669
85,70,15,day,83,1m,3,0.002699796063260186,0.006958762886597939,2.5775142727613147,23280,2.3969598855958218e-05,0.0004379678056631669
85,70,15,day,83,5m,1,0.31731050786291415,0.28936631944444446,0.9119342482331463,23040,0.00011947722456271994,0.0009941897254333466
85,70,15,day,83,5m,2,0.045500263896358396,0.04913194444444444,1.0798166919725647,23040,0.00011947722456271994,0.0009941897254333466
85,70,15,day,83,5m,3,0.002699796063260186,0.006423611111111111,2.3792949395422727,23040,0.00011947722456271994,0.0009941897254333466
85,70,15,day,84,1m,1,0.31731050786291415,0.2670962199312715,0.841750314952266,23280,-1.8710236447818195e-05,0.00043382224377295776
85,70,15,day,84,1m,2,0.045500263896358396,0.05369415807560137,1.1800845418810586,23280,-1.8710236447818195e-05,0.00043382224377295776
85,70,15,day,84,1m,3,0.002699796063260186,0.010738831615120275,3.9776454826563494,23280,-1.8710236447818195e-05,0.00043382224377295776
85,70,15,day,84,5m,1,0.31731050786291415,0.27664930555555556,0.8718567418986162,23040,-6.84448134030091e-05,0.0009941176810187885
85,70,15,day,84,5m,2,0.045500263896358396,0.05499131944444444,1.2085934176053352,23040,-6.84448134030091e-05,0.0009941176810187885
85,70,15,day,84,5m,3,0.002699796063260186,0.008203125,3.038423943064119,23040,-6.84448134030091e-05,0.0009941176810187885
85,70,15,day,85,1m,1,0.31731050786291415,0.1665807560137457,0.5249771182671096,23280,3.286389682262838e-05,0.0002740782023751145
85,70,15,day,85,1m,2,0.045500263896358396,0.062242268041237114,1.3679540009485234,23280,3.286389682262838e-05,0.0002740782023751145
85,70,15,day,85,1m,3,0.002699796063260186,0.02031786941580756,7.525705253185813,23280,3.286389682262838e-05,0.0002740782023751145
85,70,15,day,85,5m,1,0.31731050786291415,0.16124131944444445,0.5081499523303042,23040,0.00015333467302463722,0.0007278943136995528
85,70,15,day,85,5m,2,0.045500263896358396,0.06002604166666667,1.3192460114823825,23040,0.00015333467302463722,0.0007278943136995528
85,70,15,day,85,5m,3,0.002699796063260186,0.02282986111111111,8.45614282567051,23040,0.00015333467302463722,0.0007278943136995528
85,70,15,pooled_available_days,pooled,1m,1,0.31731050786291415,0.1975541081484497,0.6225892406746198,1591812,3.92125897939641e-06,0.0003429928852079119
85,70,15,pooled_available_days,pooled,1m,2,0.045500263896358396,0.049240111269421266,1.0821939710411699,1591812,3.92125897939641e-06,0.0003429928852079119
85,70,15,pooled_available_days,pooled,1m,3,0.002699796063260186,0.016753234678467056,6.205370437586457,1591812,3.92125897939641e-06,0.0003429928852079119
85,70,15,pooled_available_days,pooled,5m,1,0.31731050786291415,0.20437622062562064,0.6440890407383424,1575012,1.9851813517915704e-05,0.0007561400098328208
85,70,15,pooled_available_days,pooled,5m,2,0.045500263896358396,0.050540567309963355,1.110775256712486,1575012,1.9851813517915704e-05,0.0007561400098328208
85,70,15,pooled_available_days,pooled,5m,3,0.002699796063260186,0.01608241714983759,5.9569007336120725,1575012,1.9851813517915704e-05,0.0007561400098328208
