window,strategy,trades,gross_pnl,transaction_costs,net_pnl,sharpe,sortino,maximum_drawdown,turnover,win_rate,average_trade_return,median_trade_return,trade_return_std,daily_pnl_std,average_exposure,maximum_exposure,validation_days,validation_rows
W1,random_direction_null,410,-0.009336530618409333,0.41000000000000014,-0.4193365306184095,-213.67321957432392,-15.835225397742514,-0.3956739196489857,820.0,0.05121951219512195,-0.0010227720258985597,-0.001,0.000774954613803897,0.0031153932473274304,0.5270148678178156,1.0,10,122420
W1,passive_long,10,0.025408046881950974,0.010000000000000002,0.015408046881950972,5.949086647793226,16.20685057674568,-0.0029197955278275067,20.0,0.6,0.0015408046881950973,0.0005386899117166841,0.0041114741793839855,0.0041114741793839855,1.0,1.0,10,122420
W1,zero_trade,0,0.0,0.0,0.0,,,0.0,0.0,0.0,0.0,0.0,0.0,0.0,0.0,0.0,10,122420
W2,random_direction_null,285,-0.009492546805366597,0.28500000000000003,-0.29449254680536663,-34.41895020479771,-14.543300139060012,-0.27035847178605243,570.0,0.05263157894736842,-0.0010333071817732163,-0.001044826967904088,0.0005936078143045933,0.013582413824471179,0.41358587842588407,1.0,10,84632
W2,passive_long,10,0.009458381924313919,0.010000000000000002,-0.0005416180756860831,-0.15971677943050205,-0.23237648915236145,-0.016709667414445573,20.0,0.4,-5.4161807568608304e-05,-0.0011620197892869824,0.0053832292597645595,0.0053832292597645595,1.0,1.0,10,84632
W2,zero_trade,0,0.0,0.0,0.0,,,0.0,0.0,0.0,0.0,0.0,0.0,0.0,0.0,0.0,10,84632
W3,random_direction_null,246,-0.0025830800755940464,0.2460000000000001,-0.24858308007559415,-330.3728776929535,-15.85925839975094,-0.2169275600014572,492.0,0.06097560975609756,-0.0010105003255105453,-0.0010179095559872389,0.0006517500150103305,0.001990747589848248,0.5270148678178157,1.0,6,73452
W3,passive_long,6,0.020444331791344195,0.006,0.014444331791344193,5.415770614402992,11.062601658255083,-0.00834374999840437,12.0,0.6666666666666666,0.002407388631890699,0.0018367361081320652,0.007056449117835026,0.007056449117835026,1.0,1.0,6,73452
W3,zero_trade,0,0.0,0.0,0.0,,,0.0,0.0,0.0,0.0,0.0,0.0,0.0,0.0,0.0,6,73452
