feature,family,subfamily,suffix,nominal_window_seconds,days_expected,days_present,days_with_feature,missing_days,mean_warmup_sec,median_warmup_sec,std_warmup_sec,min_warmup_sec,max_warmup_sec,days_matching_nominal,days_deviating,internal_nan_days,stability_class
BB10_T1,BB,BB10,1,5,85,70,70,65|66|67|68|69|70|71|72|73|74|75|76|77|78|79,4.0,4,0.0,4,4,0,70,70,variable_or_internal_missingness
BB10_T10,BB,BB10,10,1500,85,70,70,65|66|67|68|69|70|71|72|73|74|75|76|77|78|79,1499.0,1499,0.0,1499,1499,0,70,0,stable
BB10_T11,BB,BB10,11,1800,85,70,70,65|66|67|68|69|70|71|72|73|74|75|76|77|78|79,1799.0,1799,0.0,1799,1799,0,70,0,stable
BB10_T12,BB,BB10,12,3600,85,70,70,65|66|67|68|69|70|71|72|73|74|75|76|77|78|79,3599.0,3599,0.0,3599,3599,0,70,0,stable
BB10_T2,BB,BB10,2,10,85,70,70,65|66|67|68|69|70|71|72|73|74|75|76|77|78|79,9.0,9,0.0,9,9,0,70,60,variable_or_internal_missingness
BB10_T3,BB,BB10,3,30,85,70,70,65|66|67|68|69|70|71|72|73|74|75|76|77|78|79,29.0,29,0.0,29,29,0,70,1,variable_or_internal_missingness
BB10_T4,BB,BB10,4,60,85,70,70,65|66|67|68|69|70|71|72|73|74|75|76|77|78|79,59.0,59,0.0,59,59,0,70,1,variable_or_internal_missingness
BB10_T5,BB,BB10,5,90,85,70,70,65|66|67|68|69|70|71|72|73|74|75|76|77|78|79,89.0,89,0.0,89,89,0,70,1,variable_or_internal_missingness
BB10_T6,BB,BB10,6,120,85,70,70,65|66|67|68|69|70|71|72|73|74|75|76|77|78|79,119.0,119,0.0,119,119,0,70,0,stable
BB10_T7,BB,BB10,7,300,85,70,70,65|66|67|68|69|70|71|72|73|74|75|76|77|78|79,299.0,299,0.0,299,299,0,70,0,stable
BB10_T8,BB,BB10,8,600,85,70,70,65|66|67|68|69|70|71|72|73|74|75|76|77|78|79,599.0,599,0.0,599,599,0,70,0,stable
BB10_T9,BB,BB10,9,900,85,70,70,65|66|67|68|69|70|71|72|73|74|75|76|77|78|79,899.0,899,0.0,899,899,0,70,0,stable
BB11_T1,BB,BB11,1,5,85,70,70,65|66|67|68|69|70|71|72|73|74|75|76|77|78|79,4.0,4,0.0,4,4,0,70,0,stable
BB11_T10,BB,BB11,10,1500,85,70,70,65|66|67|68|69|70|71|72|73|74|75|76|77|78|79,1499.0,1499,0.0,1499,1499,0,70,0,stable
BB11_T11,BB,BB11,11,1800,85,70,70,65|66|67|68|69|70|71|72|73|74|75|76|77|78|79,1799.0,1799,0.0,1799,1799,0,70,0,stable
BB11_T12,BB,BB11,12,3600,85,70,70,65|66|67|68|69|70|71|72|73|74|75|76|77|78|79,3599.0,3599,0.0,3599,3599,0,70,0,stable
BB11_T2,BB,BB11,2,10,85,70,70,65|66|67|68|69|70|71|72|73|74|75|76|77|78|79,9.0,9,0.0,9,9,0,70,0,stable
BB11_T3,BB,BB11,3,30,85,70,70,65|66|67|68|69|70|71|72|73|74|75|76|77|78|79,29.0,29,0.0,29,29,0,70,0,stable
BB11_T4,BB,BB11,4,60,85,70,70,65|66|67|68|69|70|71|72|73|74|75|76|77|78|79,59.0,59,0.0,59,59,0,70,0,stable
BB11_T5,BB,BB11,5,90,85,70,70,65|66|67|68|69|70|71|72|73|74|75|76|77|78|79,89.0,89,0.0,89,89,0,70,0,stable
BB11_T6,BB,BB11,6,120,85,70,70,65|66|67|68|69|70|71|72|73|74|75|76|77|78|79,119.0,119,0.0,119,119,0,70,0,stable
BB11_T7,BB,BB11,7,300,85,70,70,65|66|67|68|69|70|71|72|73|74|75|76|77|78|79,299.0,299,0.0,299,299,0,70,0,stable
BB11_T8,BB,BB11,8,600,85,70,70,65|66|67|68|69|70|71|72|73|74|75|76|77|78|79,599.0,599,0.0,599,599,0,70,0,stable
BB11_T9,BB,BB11,9,900,85,70,70,65|66|67|68|69|70|71|72|73|74|75|76|77|78|79,899.0,899,0.0,899,899,0,70,0,stable
BB12_T1,BB,BB12,1,5,85,70,70,65|66|67|68|69|70|71|72|73|74|75|76|77|78|79,4.0,4,0.0,4,4,0,70,0,stable
BB12_T10,BB,BB12,10,1500,85,70,70,65|66|67|68|69|70|71|72|73|74|75|76|77|78|79,1499.0,1499,0.0,1499,1499,0,70,0,stable
BB12_T11,BB,BB12,11,1800,85,70,70,65|66|67|68|69|70|71|72|73|74|75|76|77|78|79,1799.0,1799,0.0,1799,1799,0,70,0,stable
BB12_T12,BB,BB12,12,3600,85,70,70,65|66|67|68|69|70|71|72|73|74|75|76|77|78|79,3599.0,3599,0.0,3599,3599,0,70,0,stable
BB12_T2,BB,BB12,2,10,85,70,70,65|66|67|68|69|70|71|72|73|74|75|76|77|78|79,9.0,9,0.0,9,9,0,70,0,stable
BB12_T3,BB,BB12,3,30,85,70,70,65|66|67|68|69|70|71|72|73|74|75|76|77|78|79,29.0,29,0.0,29,29,0,70,0,stable
BB12_T4,BB,BB12,4,60,85,70,70,65|66|67|68|69|70|71|72|73|74|75|76|77|78|79,59.0,59,0.0,59,59,0,70,0,stable
BB12_T5,BB,BB12,5,90,85,70,70,65|66|67|68|69|70|71|72|73|74|75|76|77|78|79,89.0,89,0.0,89,89,0,70,0,stable
BB12_T6,BB,BB12,6,120,85,70,70,65|66|67|68|69|70|71|72|73|74|75|76|77|78|79,119.0,119,0.0,119,119,0,70,0,stable
BB12_T7,BB,BB12,7,300,85,70,70,65|66|67|68|69|70|71|72|73|74|75|76|77|78|79,299.0,299,0.0,299,299,0,70,0,stable
BB12_T8,BB,BB12,8,600,85,70,70,65|66|67|68|69|70|71|72|73|74|75|76|77|78|79,599.0,599,0.0,599,599,0,70,0,stable
BB12_T9,BB,BB12,9,900,85,70,70,65|66|67|68|69|70|71|72|73|74|75|76|77|78|79,899.0,899,0.0,899,899,0,70,0,stable
BB13_T1,BB,BB13,1,5,85,70,70,65|66|67|68|69|70|71|72|73|74|75|76|77|78|79,4.0,4,0.0,4,4,0,70,0,stable
BB13_T10,BB,BB13,10,1500,85,70,70,65|66|67|68|69|70|71|72|73|74|75|76|77|78|79,1499.0,1499,0.0,1499,1499,0,70,0,stable
BB13_T11,BB,BB13,11,1800,85,70,70,65|66|67|68|69|70|71|72|73|74|75|76|77|78|79,1799.0,1799,0.0,1799,1799,0,70,0,stable
BB13_T12,BB,BB13,12,3600,85,70,70,65|66|67|68|69|70|71|72|73|74|75|76|77|78|79,3599.0,3599,0.0,3599,3599,0,70,0,stable
BB13_T2,BB,BB13,2,10,85,70,70,65|66|67|68|69|70|71|72|73|74|75|76|77|78|79,9.0,9,0.0,9,9,0,70,0,stable
BB13_T3,BB,BB13,3,30,85,70,70,65|66|67|68|69|70|71|72|73|74|75|76|77|78|79,29.0,29,0.0,29,29,0,70,0,stable
BB13_T4,BB,BB13,4,60,85,70,70,65|66|67|68|69|70|71|72|73|74|75|76|77|78|79,59.0,59,0.0,59,59,0,70,0,stable
BB13_T5,BB,BB13,5,90,85,70,70,65|66|67|68|69|70|71|72|73|74|75|76|77|78|79,89.0,89,0.0,89,89,0,70,0,stable
BB13_T6,BB,BB13,6,120,85,70,70,65|66|67|68|69|70|71|72|73|74|75|76|77|78|79,119.0,119,0.0,119,119,0,70,0,stable
BB13_T7,BB,BB13,7,300,85,70,70,65|66|67|68|69|70|71|72|73|74|75|76|77|78|79,299.0,299,0.0,299,299,0,70,0,stable
BB13_T8,BB,BB13,8,600,85,70,70,65|66|67|68|69|70|71|72|73|74|75|76|77|78|79,599.0,599,0.0,599,599,0,70,0,stable
BB13_T9,BB,BB13,9,900,85,70,70,65|66|67|68|69|70|71|72|73|74|75|76|77|78|79,899.0,899,0.0,899,899,0,70,0,stable
BB14_T1,BB,BB14,1,5,85,70,70,65|66|67|68|69|70|71|72|73|74|75|76|77|78|79,5.0,5,0.0,5,5,70,0,0,stable
BB14_T10,BB,BB14,10,1500,85,70,70,65|66|67|68|69|70|71|72|73|74|75|76|77|78|79,1500.0,1500,0.0,1500,1500,70,0,0,stable
BB14_T11,BB,BB14,11,1800,85,70,70,65|66|67|68|69|70|71|72|73|74|75|76|77|78|79,1800.0,1800,0.0,1800,1800,70,0,0,stable
BB14_T12,BB,BB14,12,3600,85,70,70,65|66|67|68|69|70|71|72|73|74|75|76|77|78|79,3600.0,3600,0.0,3600,3600,70,0,0,stable
BB14_T2,BB,BB14,2,10,85,70,70,65|66|67|68|69|70|71|72|73|74|75|76|77|78|79,10.0,10,0.0,10,10,70,0,0,stable
BB14_T3,BB,BB14,3,30,85,70,70,65|66|67|68|69|70|71|72|73|74|75|76|77|78|79,30.0,30,0.0,30,30,70,0,0,stable
BB14_T4,BB,BB14,4,60,85,70,70,65|66|67|68|69|70|71|72|73|74|75|76|77|78|79,60.0,60,0.0,60,60,70,0,0,stable
BB14_T5,BB,BB14,5,90,85,70,70,65|66|67|68|69|70|71|72|73|74|75|76|77|78|79,90.0,90,0.0,90,90,70,0,0,stable
BB14_T6,BB,BB14,6,120,85,70,70,65|66|67|68|69|70|71|72|73|74|75|76|77|78|79,120.0,120,0.0,120,120,70,0,0,stable
BB14_T7,BB,BB14,7,300,85,70,70,65|66|67|68|69|70|71|72|73|74|75|76|77|78|79,300.0,300,0.0,300,300,70,0,0,stable
BB14_T8,BB,BB14,8,600,85,70,70,65|66|67|68|69|70|71|72|73|74|75|76|77|78|79,600.0,600,0.0,600,600,70,0,0,stable
BB14_T9,BB,BB14,9,900,85,70,70,65|66|67|68|69|70|71|72|73|74|75|76|77|78|79,900.0,900,0.0,900,900,70,0,0,stable
BB15_T1,BB,BB15,1,5,85,70,70,65|66|67|68|69|70|71|72|73|74|75|76|77|78|79,5.0,5,0.0,5,5,70,0,0,stable
BB15_T10,BB,BB15,10,1500,85,70,70,65|66|67|68|69|70|71|72|73|74|75|76|77|78|79,1500.0,1500,0.0,1500,1500,70,0,0,stable
BB15_T11,BB,BB15,11,1800,85,70,70,65|66|67|68|69|70|71|72|73|74|75|76|77|78|79,1800.0,1800,0.0,1800,1800,70,0,0,stable
BB15_T12,BB,BB15,12,3600,85,70,70,65|66|67|68|69|70|71|72|73|74|75|76|77|78|79,3600.0,3600,0.0,3600,3600,70,0,0,stable
BB15_T2,BB,BB15,2,10,85,70,70,65|66|67|68|69|70|71|72|73|74|75|76|77|78|79,10.0,10,0.0,10,10,70,0,0,stable
BB15_T3,BB,BB15,3,30,85,70,70,65|66|67|68|69|70|71|72|73|74|75|76|77|78|79,30.0,30,0.0,30,30,70,0,0,stable
BB15_T4,BB,BB15,4,60,85,70,70,65|66|67|68|69|70|71|72|73|74|75|76|77|78|79,60.0,60,0.0,60,60,70,0,0,stable
BB15_T5,BB,BB15,5,90,85,70,70,65|66|67|68|69|70|71|72|73|74|75|76|77|78|79,90.0,90,0.0,90,90,70,0,0,stable
BB15_T6,BB,BB15,6,120,85,70,70,65|66|67|68|69|70|71|72|73|74|75|76|77|78|79,120.0,120,0.0,120,120,70,0,0,stable
BB15_T7,BB,BB15,7,300,85,70,70,65|66|67|68|69|70|71|72|73|74|75|76|77|78|79,300.0,300,0.0,300,300,70,0,0,stable
BB15_T8,BB,BB15,8,600,85,70,70,65|66|67|68|69|70|71|72|73|74|75|76|77|78|79,600.0,600,0.0,600,600,70,0,0,stable
BB15_T9,BB,BB15,9,900,85,70,70,65|66|67|68|69|70|71|72|73|74|75|76|77|78|79,900.0,900,0.0,900,900,70,0,0,stable
BB16,BB,BB16,,,85,70,70,65|66|67|68|69|70|71|72|73|74|75|76|77|78|79,0.0,0,0.0,0,0,,,0,stable
BB17,BB,BB17,,,85,70,70,65|66|67|68|69|70|71|72|73|74|75|76|77|78|79,0.0,0,0.0,0,0,,,0,stable
BB18,BB,BB18,,,85,70,70,65|66|67|68|69|70|71|72|73|74|75|76|77|78|79,0.0,0,0.0,0,0,,,0,stable
BB19,BB,BB19,,,85,70,70,65|66|67|68|69|70|71|72|73|74|75|76|77|78|79,0.0,0,0.0,0,0,,,0,stable
BB1_T1,BB,BB1,1,5,85,70,70,65|66|67|68|69|70|71|72|73|74|75|76|77|78|79,0.0,0,0.0,0,0,0,70,0,stable
BB1_T10,BB,BB1,10,1500,85,70,70,65|66|67|68|69|70|71|72|73|74|75|76|77|78|79,0.0,0,0.0,0,0,0,70,0,stable
BB1_T11,BB,BB1,11,1800,85,70,70,65|66|67|68|69|70|71|72|73|74|75|76|77|78|79,0.0,0,0.0,0,0,0,70,0,stable
BB1_T12,BB,BB1,12,3600,85,70,70,65|66|67|68|69|70|71|72|73|74|75|76|77|78|79,0.0,0,0.0,0,0,0,70,0,stable
BB1_T2,BB,BB1,2,10,85,70,70,65|66|67|68|69|70|71|72|73|74|75|76|77|78|79,0.0,0,0.0,0,0,0,70,0,stable
BB1_T3,BB,BB1,3,30,85,70,70,65|66|67|68|69|70|71|72|73|74|75|76|77|78|79,0.0,0,0.0,0,0,0,70,0,stable
BB1_T4,BB,BB1,4,60,85,70,70,65|66|67|68|69|70|71|72|73|74|75|76|77|78|79,0.0,0,0.0,0,0,0,70,0,stable
BB1_T5,BB,BB1,5,90,85,70,70,65|66|67|68|69|70|71|72|73|74|75|76|77|78|79,0.0,0,0.0,0,0,0,70,0,stable
BB1_T6,BB,BB1,6,120,85,70,70,65|66|67|68|69|70|71|72|73|74|75|76|77|78|79,0.0,0,0.0,0,0,0,70,0,stable
BB1_T7,BB,BB1,7,300,85,70,70,65|66|67|68|69|70|71|72|73|74|75|76|77|78|79,0.0,0,0.0,0,0,0,70,0,stable
BB1_T8,BB,BB1,8,600,85,70,70,65|66|67|68|69|70|71|72|73|74|75|76|77|78|79,0.0,0,0.0,0,0,0,70,0,stable
BB1_T9,BB,BB1,9,900,85,70,70,65|66|67|68|69|70|71|72|73|74|75|76|77|78|79,0.0,0,0.0,0,0,0,70,0,stable
BB20,BB,BB20,,,85,70,70,65|66|67|68|69|70|71|72|73|74|75|76|77|78|79,0.0,0,0.0,0,0,,,0,stable
BB21,BB,BB21,,,85,70,70,65|66|67|68|69|70|71|72|73|74|75|76|77|78|79,0.0,0,0.0,0,0,,,0,stable
BB22,BB,BB22,,,85,70,70,65|66|67|68|69|70|71|72|73|74|75|76|77|78|79,0.0,0,0.0,0,0,,,0,stable
BB23,BB,BB23,,,85,70,70,65|66|67|68|69|70|71|72|73|74|75|76|77|78|79,25.0,25,0.0,25,25,,,0,stable
BB24,BB,BB24,,,85,70,70,65|66|67|68|69|70|71|72|73|74|75|76|77|78|79,33.0,33,0.0,33,33,,,0,stable
BB25,BB,BB25,,,85,70,70,65|66|67|68|69|70|71|72|73|74|75|76|77|78|79,33.0,33,0.0,33,33,,,0,stable
BB26,BB,BB26,,,85,70,70,65|66|67|68|69|70|71|72|73|74|75|76|77|78|79,0.0,0,0.0,0,0,,,0,stable
BB2_T1,BB,BB2,1,5,85,70,70,65|66|67|68|69|70|71|72|73|74|75|76|77|78|79,1.0,1,0.0,1,1,0,70,0,stable
BB2_T10,BB,BB2,10,1500,85,70,70,65|66|67|68|69|70|71|72|73|74|75|76|77|78|79,1.0,1,0.0,1,1,0,70,0,stable
BB2_T11,BB,BB2,11,1800,85,70,70,65|66|67|68|69|70|71|72|73|74|75|76|77|78|79,1.0,1,0.0,1,1,0,70,0,stable
BB2_T12,BB,BB2,12,3600,85,70,70,65|66|67|68|69|70|71|72|73|74|75|76|77|78|79,1.0,1,0.0,1,1,0,70,0,stable
BB2_T2,BB,BB2,2,10,85,70,70,65|66|67|68|69|70|71|72|73|74|75|76|77|78|79,1.0,1,0.0,1,1,0,70,0,stable
BB2_T3,BB,BB2,3,30,85,70,70,65|66|67|68|69|70|71|72|73|74|75|76|77|78|79,1.0,1,0.0,1,1,0,70,0,stable
BB2_T4,BB,BB2,4,60,85,70,70,65|66|67|68|69|70|71|72|73|74|75|76|77|78|79,1.0,1,0.0,1,1,0,70,0,stable
BB2_T5,BB,BB2,5,90,85,70,70,65|66|67|68|69|70|71|72|73|74|75|76|77|78|79,1.0,1,0.0,1,1,0,70,0,stable
BB2_T6,BB,BB2,6,120,85,70,70,65|66|67|68|69|70|71|72|73|74|75|76|77|78|79,1.0,1,0.0,1,1,0,70,0,stable
BB2_T7,BB,BB2,7,300,85,70,70,65|66|67|68|69|70|71|72|73|74|75|76|77|78|79,1.0,1,0.0,1,1,0,70,0,stable
BB2_T8,BB,BB2,8,600,85,70,70,65|66|67|68|69|70|71|72|73|74|75|76|77|78|79,1.0,1,0.0,1,1,0,70,0,stable
BB2_T9,BB,BB2,9,900,85,70,70,65|66|67|68|69|70|71|72|73|74|75|76|77|78|79,1.0,1,0.0,1,1,0,70,0,stable
BB3_T1,BB,BB3,1,5,85,70,70,65|66|67|68|69|70|71|72|73|74|75|76|77|78|79,0.0,0,0.0,0,0,0,70,0,stable
BB3_T10,BB,BB3,10,1500,85,70,70,65|66|67|68|69|70|71|72|73|74|75|76|77|78|79,0.0,0,0.0,0,0,0,70,0,stable
BB3_T11,BB,BB3,11,1800,85,70,70,65|66|67|68|69|70|71|72|73|74|75|76|77|78|79,0.0,0,0.0,0,0,0,70,0,stable
BB3_T12,BB,BB3,12,3600,85,70,70,65|66|67|68|69|70|71|72|73|74|75|76|77|78|79,0.0,0,0.0,0,0,0,70,0,stable
BB3_T2,BB,BB3,2,10,85,70,70,65|66|67|68|69|70|71|72|73|74|75|76|77|78|79,0.0,0,0.0,0,0,0,70,0,stable
BB3_T3,BB,BB3,3,30,85,70,70,65|66|67|68|69|70|71|72|73|74|75|76|77|78|79,0.0,0,0.0,0,0,0,70,0,stable
BB3_T4,BB,BB3,4,60,85,70,70,65|66|67|68|69|70|71|72|73|74|75|76|77|78|79,0.0,0,0.0,0,0,0,70,0,stable
BB3_T5,BB,BB3,5,90,85,70,70,65|66|67|68|69|70|71|72|73|74|75|76|77|78|79,0.0,0,0.0,0,0,0,70,0,stable
BB3_T6,BB,BB3,6,120,85,70,70,65|66|67|68|69|70|71|72|73|74|75|76|77|78|79,0.0,0,0.0,0,0,0,70,0,stable
BB3_T7,BB,BB3,7,300,85,70,70,65|66|67|68|69|70|71|72|73|74|75|76|77|78|79,0.0,0,0.0,0,0,0,70,0,stable
BB3_T8,BB,BB3,8,600,85,70,70,65|66|67|68|69|70|71|72|73|74|75|76|77|78|79,0.0,0,0.0,0,0,0,70,0,stable
BB3_T9,BB,BB3,9,900,85,70,70,65|66|67|68|69|70|71|72|73|74|75|76|77|78|79,0.0,0,0.0,0,0,0,70,0,stable
BB4_T1,BB,BB4,1,5,85,70,70,65|66|67|68|69|70|71|72|73|74|75|76|77|78|79,4.0,4,0.0,4,4,0,70,0,stable
BB4_T10,BB,BB4,10,1500,85,70,70,65|66|67|68|69|70|71|72|73|74|75|76|77|78|79,1499.0,1499,0.0,1499,1499,0,70,0,stable
BB4_T11,BB,BB4,11,1800,85,70,70,65|66|67|68|69|70|71|72|73|74|75|76|77|78|79,1799.0,1799,0.0,1799,1799,0,70,0,stable
BB4_T12,BB,BB4,12,3600,85,70,70,65|66|67|68|69|70|71|72|73|74|75|76|77|78|79,3599.0,3599,0.0,3599,3599,0,70,0,stable
BB4_T2,BB,BB4,2,10,85,70,70,65|66|67|68|69|70|71|72|73|74|75|76|77|78|79,9.0,9,0.0,9,9,0,70,0,stable
BB4_T3,BB,BB4,3,30,85,70,70,65|66|67|68|69|70|71|72|73|74|75|76|77|78|79,29.0,29,0.0,29,29,0,70,0,stable
BB4_T4,BB,BB4,4,60,85,70,70,65|66|67|68|69|70|71|72|73|74|75|76|77|78|79,59.0,59,0.0,59,59,0,70,0,stable
BB4_T5,BB,BB4,5,90,85,70,70,65|66|67|68|69|70|71|72|73|74|75|76|77|78|79,89.0,89,0.0,89,89,0,70,0,stable
BB4_T6,BB,BB4,6,120,85,70,70,65|66|67|68|69|70|71|72|73|74|75|76|77|78|79,119.0,119,0.0,119,119,0,70,0,stable
BB4_T7,BB,BB4,7,300,85,70,70,65|66|67|68|69|70|71|72|73|74|75|76|77|78|79,299.0,299,0.0,299,299,0,70,0,stable
BB4_T8,BB,BB4,8,600,85,70,70,65|66|67|68|69|70|71|72|73|74|75|76|77|78|79,599.0,599,0.0,599,599,0,70,0,stable
BB4_T9,BB,BB4,9,900,85,70,70,65|66|67|68|69|70|71|72|73|74|75|76|77|78|79,899.0,899,0.0,899,899,0,70,0,stable
BB5_T1,BB,BB5,1,5,85,70,70,65|66|67|68|69|70|71|72|73|74|75|76|77|78|79,4.0,4,0.0,4,4,0,70,0,stable
BB5_T10,BB,BB5,10,1500,85,70,70,65|66|67|68|69|70|71|72|73|74|75|76|77|78|79,1499.0,1499,0.0,1499,1499,0,70,0,stable
BB5_T11,BB,BB5,11,1800,85,70,70,65|66|67|68|69|70|71|72|73|74|75|76|77|78|79,1799.0,1799,0.0,1799,1799,0,70,0,stable
BB5_T12,BB,BB5,12,3600,85,70,70,65|66|67|68|69|70|71|72|73|74|75|76|77|78|79,3599.0,3599,0.0,3599,3599,0,70,0,stable
BB5_T2,BB,BB5,2,10,85,70,70,65|66|67|68|69|70|71|72|73|74|75|76|77|78|79,9.0,9,0.0,9,9,0,70,0,stable
BB5_T3,BB,BB5,3,30,85,70,70,65|66|67|68|69|70|71|72|73|74|75|76|77|78|79,29.0,29,0.0,29,29,0,70,0,stable
BB5_T4,BB,BB5,4,60,85,70,70,65|66|67|68|69|70|71|72|73|74|75|76|77|78|79,59.0,59,0.0,59,59,0,70,0,stable
BB5_T5,BB,BB5,5,90,85,70,70,65|66|67|68|69|70|71|72|73|74|75|76|77|78|79,89.0,89,0.0,89,89,0,70,0,stable
BB5_T6,BB,BB5,6,120,85,70,70,65|66|67|68|69|70|71|72|73|74|75|76|77|78|79,119.0,119,0.0,119,119,0,70,0,stable
BB5_T7,BB,BB5,7,300,85,70,70,65|66|67|68|69|70|71|72|73|74|75|76|77|78|79,299.0,299,0.0,299,299,0,70,0,stable
BB5_T8,BB,BB5,8,600,85,70,70,65|66|67|68|69|70|71|72|73|74|75|76|77|78|79,599.0,599,0.0,599,599,0,70,0,stable
BB5_T9,BB,BB5,9,900,85,70,70,65|66|67|68|69|70|71|72|73|74|75|76|77|78|79,899.0,899,0.0,899,899,0,70,0,stable
BB6_T1,BB,BB6,1,5,85,70,70,65|66|67|68|69|70|71|72|73|74|75|76|77|78|79,4.0,4,0.0,4,4,0,70,0,stable
BB6_T10,BB,BB6,10,1500,85,70,70,65|66|67|68|69|70|71|72|73|74|75|76|77|78|79,1499.0,1499,0.0,1499,1499,0,70,0,stable
BB6_T11,BB,BB6,11,1800,85,70,70,65|66|67|68|69|70|71|72|73|74|75|76|77|78|79,1799.0,1799,0.0,1799,1799,0,70,0,stable
BB6_T12,BB,BB6,12,3600,85,70,70,65|66|67|68|69|70|71|72|73|74|75|76|77|78|79,3599.0,3599,0.0,3599,3599,0,70,0,stable
BB6_T2,BB,BB6,2,10,85,70,70,65|66|67|68|69|70|71|72|73|74|75|76|77|78|79,9.0,9,0.0,9,9,0,70,0,stable
BB6_T3,BB,BB6,3,30,85,70,70,65|66|67|68|69|70|71|72|73|74|75|76|77|78|79,29.0,29,0.0,29,29,0,70,0,stable
BB6_T4,BB,BB6,4,60,85,70,70,65|66|67|68|69|70|71|72|73|74|75|76|77|78|79,59.0,59,0.0,59,59,0,70,0,stable
BB6_T5,BB,BB6,5,90,85,70,70,65|66|67|68|69|70|71|72|73|74|75|76|77|78|79,89.0,89,0.0,89,89,0,70,0,stable
BB6_T6,BB,BB6,6,120,85,70,70,65|66|67|68|69|70|71|72|73|74|75|76|77|78|79,119.0,119,0.0,119,119,0,70,0,stable
BB6_T7,BB,BB6,7,300,85,70,70,65|66|67|68|69|70|71|72|73|74|75|76|77|78|79,299.0,299,0.0,299,299,0,70,0,stable
BB6_T8,BB,BB6,8,600,85,70,70,65|66|67|68|69|70|71|72|73|74|75|76|77|78|79,599.0,599,0.0,599,599,0,70,0,stable
BB6_T9,BB,BB6,9,900,85,70,70,65|66|67|68|69|70|71|72|73|74|75|76|77|78|79,899.0,899,0.0,899,899,0,70,0,stable
BB7_T1,BB,BB7,1,5,85,70,70,65|66|67|68|69|70|71|72|73|74|75|76|77|78|79,4.0,4,0.0,4,4,0,70,0,stable
BB7_T10,BB,BB7,10,1500,85,70,70,65|66|67|68|69|70|71|72|73|74|75|76|77|78|79,1499.0,1499,0.0,1499,1499,0,70,0,stable
BB7_T11,BB,BB7,11,1800,85,70,70,65|66|67|68|69|70|71|72|73|74|75|76|77|78|79,1799.0,1799,0.0,1799,1799,0,70,0,stable
BB7_T12,BB,BB7,12,3600,85,70,70,65|66|67|68|69|70|71|72|73|74|75|76|77|78|79,3599.0,3599,0.0,3599,3599,0,70,0,stable
BB7_T2,BB,BB7,2,10,85,70,70,65|66|67|68|69|70|71|72|73|74|75|76|77|78|79,9.0,9,0.0,9,9,0,70,0,stable
BB7_T3,BB,BB7,3,30,85,70,70,65|66|67|68|69|70|71|72|73|74|75|76|77|78|79,29.0,29,0.0,29,29,0,70,0,stable
BB7_T4,BB,BB7,4,60,85,70,70,65|66|67|68|69|70|71|72|73|74|75|76|77|78|79,59.0,59,0.0,59,59,0,70,0,stable
BB7_T5,BB,BB7,5,90,85,70,70,65|66|67|68|69|70|71|72|73|74|75|76|77|78|79,89.0,89,0.0,89,89,0,70,0,stable
BB7_T6,BB,BB7,6,120,85,70,70,65|66|67|68|69|70|71|72|73|74|75|76|77|78|79,119.0,119,0.0,119,119,0,70,0,stable
BB7_T7,BB,BB7,7,300,85,70,70,65|66|67|68|69|70|71|72|73|74|75|76|77|78|79,299.0,299,0.0,299,299,0,70,0,stable
BB7_T8,BB,BB7,8,600,85,70,70,65|66|67|68|69|70|71|72|73|74|75|76|77|78|79,599.0,599,0.0,599,599,0,70,0,stable
BB7_T9,BB,BB7,9,900,85,70,70,65|66|67|68|69|70|71|72|73|74|75|76|77|78|79,899.0,899,0.0,899,899,0,70,0,stable
BB8_T1,BB,BB8,1,5,85,70,70,65|66|67|68|69|70|71|72|73|74|75|76|77|78|79,4.0,4,0.0,4,4,0,70,0,stable
BB8_T10,BB,BB8,10,1500,85,70,70,65|66|67|68|69|70|71|72|73|74|75|76|77|78|79,1499.0,1499,0.0,1499,1499,0,70,0,stable
BB8_T11,BB,BB8,11,1800,85,70,70,65|66|67|68|69|70|71|72|73|74|75|76|77|78|79,1799.0,1799,0.0,1799,1799,0,70,0,stable
BB8_T12,BB,BB8,12,3600,85,70,70,65|66|67|68|69|70|71|72|73|74|75|76|77|78|79,3599.0,3599,0.0,3599,3599,0,70,0,stable
BB8_T2,BB,BB8,2,10,85,70,70,65|66|67|68|69|70|71|72|73|74|75|76|77|78|79,9.0,9,0.0,9,9,0,70,0,stable
BB8_T3,BB,BB8,3,30,85,70,70,65|66|67|68|69|70|71|72|73|74|75|76|77|78|79,29.0,29,0.0,29,29,0,70,0,stable
BB8_T4,BB,BB8,4,60,85,70,70,65|66|67|68|69|70|71|72|73|74|75|76|77|78|79,59.0,59,0.0,59,59,0,70,0,stable
BB8_T5,BB,BB8,5,90,85,70,70,65|66|67|68|69|70|71|72|73|74|75|76|77|78|79,89.0,89,0.0,89,89,0,70,0,stable
BB8_T6,BB,BB8,6,120,85,70,70,65|66|67|68|69|70|71|72|73|74|75|76|77|78|79,119.0,119,0.0,119,119,0,70,0,stable
BB8_T7,BB,BB8,7,300,85,70,70,65|66|67|68|69|70|71|72|73|74|75|76|77|78|79,299.0,299,0.0,299,299,0,70,0,stable
BB8_T8,BB,BB8,8,600,85,70,70,65|66|67|68|69|70|71|72|73|74|75|76|77|78|79,599.0,599,0.0,599,599,0,70,0,stable
BB8_T9,BB,BB8,9,900,85,70,70,65|66|67|68|69|70|71|72|73|74|75|76|77|78|79,899.0,899,0.0,899,899,0,70,0,stable
BB9_T1,BB,BB9,1,5,85,70,70,65|66|67|68|69|70|71|72|73|74|75|76|77|78|79,4.0,4,0.0,4,4,0,70,0,stable
BB9_T10,BB,BB9,10,1500,85,70,70,65|66|67|68|69|70|71|72|73|74|75|76|77|78|79,1499.0,1499,0.0,1499,1499,0,70,0,stable
BB9_T11,BB,BB9,11,1800,85,70,70,65|66|67|68|69|70|71|72|73|74|75|76|77|78|79,1799.0,1799,0.0,1799,1799,0,70,0,stable
BB9_T12,BB,BB9,12,3600,85,70,70,65|66|67|68|69|70|71|72|73|74|75|76|77|78|79,3599.0,3599,0.0,3599,3599,0,70,0,stable
BB9_T2,BB,BB9,2,10,85,70,70,65|66|67|68|69|70|71|72|73|74|75|76|77|78|79,9.0,9,0.0,9,9,0,70,0,stable
BB9_T3,BB,BB9,3,30,85,70,70,65|66|67|68|69|70|71|72|73|74|75|76|77|78|79,29.0,29,0.0,29,29,0,70,0,stable
BB9_T4,BB,BB9,4,60,85,70,70,65|66|67|68|69|70|71|72|73|74|75|76|77|78|79,59.0,59,0.0,59,59,0,70,0,stable
BB9_T5,BB,BB9,5,90,85,70,70,65|66|67|68|69|70|71|72|73|74|75|76|77|78|79,89.0,89,0.0,89,89,0,70,0,stable
BB9_T6,BB,BB9,6,120,85,70,70,65|66|67|68|69|70|71|72|73|74|75|76|77|78|79,119.0,119,0.0,119,119,0,70,0,stable
BB9_T7,BB,BB9,7,300,85,70,70,65|66|67|68|69|70|71|72|73|74|75|76|77|78|79,299.0,299,0.0,299,299,0,70,0,stable
BB9_T8,BB,BB9,8,600,85,70,70,65|66|67|68|69|70|71|72|73|74|75|76|77|78|79,599.0,599,0.0,599,599,0,70,0,stable
BB9_T9,BB,BB9,9,900,85,70,70,65|66|67|68|69|70|71|72|73|74|75|76|77|78|79,899.0,899,0.0,899,899,0,70,0,stable
PB10_T1,PB,PB10,1,15,85,70,70,65|66|67|68|69|70|71|72|73|74|75|76|77|78|79,1.0,1,0.0,1,1,0,70,0,stable
PB10_T10,PB,PB10,10,4500,85,70,70,65|66|67|68|69|70|71|72|73|74|75|76|77|78|79,1.0,1,0.0,1,1,0,70,0,stable
PB10_T11,PB,PB10,11,5400,85,70,70,65|66|67|68|69|70|71|72|73|74|75|76|77|78|79,1.0,1,0.0,1,1,0,70,0,stable
PB10_T12,PB,PB10,12,10800,85,70,70,65|66|67|68|69|70|71|72|73|74|75|76|77|78|79,1.0,1,0.0,1,1,0,70,0,stable
PB10_T2,PB,PB10,2,30,85,70,70,65|66|67|68|69|70|71|72|73|74|75|76|77|78|79,1.0,1,0.0,1,1,0,70,0,stable
PB10_T3,PB,PB10,3,90,85,70,70,65|66|67|68|69|70|71|72|73|74|75|76|77|78|79,1.0,1,0.0,1,1,0,70,0,stable
PB10_T4,PB,PB10,4,180,85,70,70,65|66|67|68|69|70|71|72|73|74|75|76|77|78|79,1.0,1,0.0,1,1,0,70,0,stable
PB10_T5,PB,PB10,5,270,85,70,70,65|66|67|68|69|70|71|72|73|74|75|76|77|78|79,1.0,1,0.0,1,1,0,70,0,stable
PB10_T6,PB,PB10,6,360,85,70,70,65|66|67|68|69|70|71|72|73|74|75|76|77|78|79,1.0,1,0.0,1,1,0,70,0,stable
PB10_T7,PB,PB10,7,900,85,70,70,65|66|67|68|69|70|71|72|73|74|75|76|77|78|79,1.0,1,0.0,1,1,0,70,0,stable
PB10_T8,PB,PB10,8,1800,85,70,70,65|66|67|68|69|70|71|72|73|74|75|76|77|78|79,1.0,1,0.0,1,1,0,70,0,stable
PB10_T9,PB,PB10,9,2700,85,70,70,65|66|67|68|69|70|71|72|73|74|75|76|77|78|79,1.0,1,0.0,1,1,0,70,0,stable
PB11_T1,PB,PB11,1,15,85,70,70,65|66|67|68|69|70|71|72|73|74|75|76|77|78|79,1.0,1,0.0,1,1,0,70,0,stable
PB11_T10,PB,PB11,10,4500,85,70,70,65|66|67|68|69|70|71|72|73|74|75|76|77|78|79,1.0,1,0.0,1,1,0,70,0,stable
PB11_T11,PB,PB11,11,5400,85,70,70,65|66|67|68|69|70|71|72|73|74|75|76|77|78|79,1.0,1,0.0,1,1,0,70,0,stable
PB11_T12,PB,PB11,12,10800,85,70,70,65|66|67|68|69|70|71|72|73|74|75|76|77|78|79,1.0,1,0.0,1,1,0,70,0,stable
PB11_T2,PB,PB11,2,30,85,70,70,65|66|67|68|69|70|71|72|73|74|75|76|77|78|79,1.0,1,0.0,1,1,0,70,0,stable
PB11_T3,PB,PB11,3,90,85,70,70,65|66|67|68|69|70|71|72|73|74|75|76|77|78|79,1.0,1,0.0,1,1,0,70,0,stable
PB11_T4,PB,PB11,4,180,85,70,70,65|66|67|68|69|70|71|72|73|74|75|76|77|78|79,1.0,1,0.0,1,1,0,70,0,stable
PB11_T5,PB,PB11,5,270,85,70,70,65|66|67|68|69|70|71|72|73|74|75|76|77|78|79,1.0,1,0.0,1,1,0,70,0,stable
PB11_T6,PB,PB11,6,360,85,70,70,65|66|67|68|69|70|71|72|73|74|75|76|77|78|79,1.0,1,0.0,1,1,0,70,0,stable
PB11_T7,PB,PB11,7,900,85,70,70,65|66|67|68|69|70|71|72|73|74|75|76|77|78|79,1.0,1,0.0,1,1,0,70,0,stable
PB11_T8,PB,PB11,8,1800,85,70,70,65|66|67|68|69|70|71|72|73|74|75|76|77|78|79,1.0,1,0.0,1,1,0,70,0,stable
PB11_T9,PB,PB11,9,2700,85,70,70,65|66|67|68|69|70|71|72|73|74|75|76|77|78|79,1.0,1,0.0,1,1,0,70,0,stable
PB12_T1,PB,PB12,1,15,85,70,70,65|66|67|68|69|70|71|72|73|74|75|76|77|78|79,5.0,5,0.0,5,5,0,70,0,stable
PB12_T10,PB,PB12,10,4500,85,70,70,65|66|67|68|69|70|71|72|73|74|75|76|77|78|79,1500.0,1500,0.0,1500,1500,0,70,0,stable
PB12_T11,PB,PB12,11,5400,85,70,70,65|66|67|68|69|70|71|72|73|74|75|76|77|78|79,1800.0,1800,0.0,1800,1800,0,70,0,stable
PB12_T12,PB,PB12,12,10800,85,70,70,65|66|67|68|69|70|71|72|73|74|75|76|77|78|79,3600.0,3600,0.0,3600,3600,0,70,0,stable
PB12_T2,PB,PB12,2,30,85,70,70,65|66|67|68|69|70|71|72|73|74|75|76|77|78|79,10.0,10,0.0,10,10,0,70,0,stable
PB12_T3,PB,PB12,3,90,85,70,70,65|66|67|68|69|70|71|72|73|74|75|76|77|78|79,30.0,30,0.0,30,30,0,70,0,stable
PB12_T4,PB,PB12,4,180,85,70,70,65|66|67|68|69|70|71|72|73|74|75|76|77|78|79,60.0,60,0.0,60,60,0,70,0,stable
PB12_T5,PB,PB12,5,270,85,70,70,65|66|67|68|69|70|71|72|73|74|75|76|77|78|79,90.0,90,0.0,90,90,0,70,0,stable
PB12_T6,PB,PB12,6,360,85,70,70,65|66|67|68|69|70|71|72|73|74|75|76|77|78|79,120.0,120,0.0,120,120,0,70,0,stable
PB12_T7,PB,PB12,7,900,85,70,70,65|66|67|68|69|70|71|72|73|74|75|76|77|78|79,300.0,300,0.0,300,300,0,70,0,stable
PB12_T8,PB,PB12,8,1800,85,70,70,65|66|67|68|69|70|71|72|73|74|75|76|77|78|79,600.0,600,0.0,600,600,0,70,0,stable
PB12_T9,PB,PB12,9,2700,85,70,70,65|66|67|68|69|70|71|72|73|74|75|76|77|78|79,900.0,900,0.0,900,900,0,70,0,stable
PB13_T1,PB,PB13,1,15,85,70,70,65|66|67|68|69|70|71|72|73|74|75|76|77|78|79,1.0,1,0.0,1,1,0,70,0,stable
PB13_T10,PB,PB13,10,4500,85,70,70,65|66|67|68|69|70|71|72|73|74|75|76|77|78|79,1.0,1,0.0,1,1,0,70,0,stable
PB13_T11,PB,PB13,11,5400,85,70,70,65|66|67|68|69|70|71|72|73|74|75|76|77|78|79,1.0,1,0.0,1,1,0,70,0,stable
PB13_T12,PB,PB13,12,10800,85,70,70,65|66|67|68|69|70|71|72|73|74|75|76|77|78|79,1.0,1,0.0,1,1,0,70,0,stable
PB13_T2,PB,PB13,2,30,85,70,70,65|66|67|68|69|70|71|72|73|74|75|76|77|78|79,1.0,1,0.0,1,1,0,70,0,stable
PB13_T3,PB,PB13,3,90,85,70,70,65|66|67|68|69|70|71|72|73|74|75|76|77|78|79,1.0,1,0.0,1,1,0,70,0,stable
PB13_T4,PB,PB13,4,180,85,70,70,65|66|67|68|69|70|71|72|73|74|75|76|77|78|79,1.0,1,0.0,1,1,0,70,0,stable
PB13_T5,PB,PB13,5,270,85,70,70,65|66|67|68|69|70|71|72|73|74|75|76|77|78|79,1.0,1,0.0,1,1,0,70,0,stable
PB13_T6,PB,PB13,6,360,85,70,70,65|66|67|68|69|70|71|72|73|74|75|76|77|78|79,1.0,1,0.0,1,1,0,70,0,stable
PB13_T7,PB,PB13,7,900,85,70,70,65|66|67|68|69|70|71|72|73|74|75|76|77|78|79,1.0,1,0.0,1,1,0,70,0,stable
PB13_T8,PB,PB13,8,1800,85,70,70,65|66|67|68|69|70|71|72|73|74|75|76|77|78|79,1.0,1,0.0,1,1,0,70,0,stable
PB13_T9,PB,PB13,9,2700,85,70,70,65|66|67|68|69|70|71|72|73|74|75|76|77|78|79,1.0,1,0.0,1,1,0,70,0,stable
PB14_T1,PB,PB14,1,15,85,70,70,65|66|67|68|69|70|71|72|73|74|75|76|77|78|79,5.0,5,0.0,5,5,0,70,0,stable
PB14_T10,PB,PB14,10,4500,85,70,70,65|66|67|68|69|70|71|72|73|74|75|76|77|78|79,1500.0,1500,0.0,1500,1500,0,70,0,stable
PB14_T11,PB,PB14,11,5400,85,70,70,65|66|67|68|69|70|71|72|73|74|75|76|77|78|79,1800.0,1800,0.0,1800,1800,0,70,0,stable
PB14_T12,PB,PB14,12,10800,85,70,70,65|66|67|68|69|70|71|72|73|74|75|76|77|78|79,3600.0,3600,0.0,3600,3600,0,70,0,stable
PB14_T2,PB,PB14,2,30,85,70,70,65|66|67|68|69|70|71|72|73|74|75|76|77|78|79,10.0,10,0.0,10,10,0,70,0,stable
PB14_T3,PB,PB14,3,90,85,70,70,65|66|67|68|69|70|71|72|73|74|75|76|77|78|79,30.0,30,0.0,30,30,0,70,0,stable
PB14_T4,PB,PB14,4,180,85,70,70,65|66|67|68|69|70|71|72|73|74|75|76|77|78|79,60.0,60,0.0,60,60,0,70,0,stable
PB14_T5,PB,PB14,5,270,85,70,70,65|66|67|68|69|70|71|72|73|74|75|76|77|78|79,90.0,90,0.0,90,90,0,70,0,stable
PB14_T6,PB,PB14,6,360,85,70,70,65|66|67|68|69|70|71|72|73|74|75|76|77|78|79,120.0,120,0.0,120,120,0,70,0,stable
PB14_T7,PB,PB14,7,900,85,70,70,65|66|67|68|69|70|71|72|73|74|75|76|77|78|79,300.0,300,0.0,300,300,0,70,0,stable
PB14_T8,PB,PB14,8,1800,85,70,70,65|66|67|68|69|70|71|72|73|74|75|76|77|78|79,600.0,600,0.0,600,600,0,70,0,stable
PB14_T9,PB,PB14,9,2700,85,70,70,65|66|67|68|69|70|71|72|73|74|75|76|77|78|79,900.0,900,0.0,900,900,0,70,0,stable
PB15_T1,PB,PB15,1,15,85,70,70,65|66|67|68|69|70|71|72|73|74|75|76|77|78|79,4.0,4,0.0,4,4,0,70,70,variable_or_internal_missingness
PB15_T10,PB,PB15,10,4500,85,70,70,65|66|67|68|69|70|71|72|73|74|75|76|77|78|79,1499.0,1499,0.0,1499,1499,0,70,0,stable
PB15_T11,PB,PB15,11,5400,85,70,70,65|66|67|68|69|70|71|72|73|74|75|76|77|78|79,1799.0,1799,0.0,1799,1799,0,70,0,stable
PB15_T12,PB,PB15,12,10800,85,70,70,65|66|67|68|69|70|71|72|73|74|75|76|77|78|79,3599.0,3599,0.0,3599,3599,0,70,0,stable
PB15_T2,PB,PB15,2,30,85,70,70,65|66|67|68|69|70|71|72|73|74|75|76|77|78|79,9.0,9,0.0,9,9,0,70,60,variable_or_internal_missingness
PB15_T3,PB,PB15,3,90,85,70,70,65|66|67|68|69|70|71|72|73|74|75|76|77|78|79,29.0,29,0.0,29,29,0,70,1,variable_or_internal_missingness
PB15_T4,PB,PB15,4,180,85,70,70,65|66|67|68|69|70|71|72|73|74|75|76|77|78|79,59.0,59,0.0,59,59,0,70,1,variable_or_internal_missingness
PB15_T5,PB,PB15,5,270,85,70,70,65|66|67|68|69|70|71|72|73|74|75|76|77|78|79,89.0,89,0.0,89,89,0,70,1,variable_or_internal_missingness
PB15_T6,PB,PB15,6,360,85,70,70,65|66|67|68|69|70|71|72|73|74|75|76|77|78|79,119.0,119,0.0,119,119,0,70,0,stable
PB15_T7,PB,PB15,7,900,85,70,70,65|66|67|68|69|70|71|72|73|74|75|76|77|78|79,299.0,299,0.0,299,299,0,70,0,stable
PB15_T8,PB,PB15,8,1800,85,70,70,65|66|67|68|69|70|71|72|73|74|75|76|77|78|79,599.0,599,0.0,599,599,0,70,0,stable
PB15_T9,PB,PB15,9,2700,85,70,70,65|66|67|68|69|70|71|72|73|74|75|76|77|78|79,899.0,899,0.0,899,899,0,70,0,stable
PB16_T1,PB,PB16,1,15,85,70,70,65|66|67|68|69|70|71|72|73|74|75|76|77|78|79,4.0,4,0.0,4,4,0,70,68,variable_or_internal_missingness
PB16_T10,PB,PB16,10,4500,85,70,70,65|66|67|68|69|70|71|72|73|74|75|76|77|78|79,1499.0,1499,0.0,1499,1499,0,70,0,stable
PB16_T11,PB,PB16,11,5400,85,70,70,65|66|67|68|69|70|71|72|73|74|75|76|77|78|79,1799.0,1799,0.0,1799,1799,0,70,0,stable
PB16_T12,PB,PB16,12,10800,85,70,70,65|66|67|68|69|70|71|72|73|74|75|76|77|78|79,3599.0,3599,0.0,3599,3599,0,70,0,stable
PB16_T2,PB,PB16,2,30,85,70,70,65|66|67|68|69|70|71|72|73|74|75|76|77|78|79,9.0,9,0.0,9,9,0,70,42,variable_or_internal_missingness
PB16_T3,PB,PB16,3,90,85,70,70,65|66|67|68|69|70|71|72|73|74|75|76|77|78|79,29.0,29,0.0,29,29,0,70,1,variable_or_internal_missingness
PB16_T4,PB,PB16,4,180,85,70,70,65|66|67|68|69|70|71|72|73|74|75|76|77|78|79,59.0,59,0.0,59,59,0,70,1,variable_or_internal_missingness
PB16_T5,PB,PB16,5,270,85,70,70,65|66|67|68|69|70|71|72|73|74|75|76|77|78|79,89.0,89,0.0,89,89,0,70,1,variable_or_internal_missingness
PB16_T6,PB,PB16,6,360,85,70,70,65|66|67|68|69|70|71|72|73|74|75|76|77|78|79,119.0,119,0.0,119,119,0,70,0,stable
PB16_T7,PB,PB16,7,900,85,70,70,65|66|67|68|69|70|71|72|73|74|75|76|77|78|79,299.0,299,0.0,299,299,0,70,0,stable
PB16_T8,PB,PB16,8,1800,85,70,70,65|66|67|68|69|70|71|72|73|74|75|76|77|78|79,599.0,599,0.0,599,599,0,70,0,stable
PB16_T9,PB,PB16,9,2700,85,70,70,65|66|67|68|69|70|71|72|73|74|75|76|77|78|79,899.0,899,0.0,899,899,0,70,0,stable
PB17_T1,PB,PB17,1,15,85,70,70,65|66|67|68|69|70|71|72|73|74|75|76|77|78|79,4.0,4,0.0,4,4,0,70,70,variable_or_internal_missingness
PB17_T10,PB,PB17,10,4500,85,70,70,65|66|67|68|69|70|71|72|73|74|75|76|77|78|79,1499.0,1499,0.0,1499,1499,0,70,0,stable
PB17_T11,PB,PB17,11,5400,85,70,70,65|66|67|68|69|70|71|72|73|74|75|76|77|78|79,1799.0,1799,0.0,1799,1799,0,70,0,stable
PB17_T12,PB,PB17,12,10800,85,70,70,65|66|67|68|69|70|71|72|73|74|75|76|77|78|79,3599.0,3599,0.0,3599,3599,0,70,0,stable
PB17_T2,PB,PB17,2,30,85,70,70,65|66|67|68|69|70|71|72|73|74|75|76|77|78|79,9.0,9,0.0,9,9,0,70,60,variable_or_internal_missingness
PB17_T3,PB,PB17,3,90,85,70,70,65|66|67|68|69|70|71|72|73|74|75|76|77|78|79,29.0,29,0.0,29,29,0,70,1,variable_or_internal_missingness
PB17_T4,PB,PB17,4,180,85,70,70,65|66|67|68|69|70|71|72|73|74|75|76|77|78|79,59.0,59,0.0,59,59,0,70,1,variable_or_internal_missingness
PB17_T5,PB,PB17,5,270,85,70,70,65|66|67|68|69|70|71|72|73|74|75|76|77|78|79,89.0,89,0.0,89,89,0,70,1,variable_or_internal_missingness
PB17_T6,PB,PB17,6,360,85,70,70,65|66|67|68|69|70|71|72|73|74|75|76|77|78|79,119.0,119,0.0,119,119,0,70,0,stable
PB17_T7,PB,PB17,7,900,85,70,70,65|66|67|68|69|70|71|72|73|74|75|76|77|78|79,299.0,299,0.0,299,299,0,70,0,stable
PB17_T8,PB,PB17,8,1800,85,70,70,65|66|67|68|69|70|71|72|73|74|75|76|77|78|79,599.0,599,0.0,599,599,0,70,0,stable
PB17_T9,PB,PB17,9,2700,85,70,70,65|66|67|68|69|70|71|72|73|74|75|76|77|78|79,899.0,899,0.0,899,899,0,70,0,stable
PB18_T1,PB,PB18,1,15,85,70,70,65|66|67|68|69|70|71|72|73|74|75|76|77|78|79,4.0,4,0.0,4,4,0,70,70,variable_or_internal_missingness
PB18_T10,PB,PB18,10,4500,85,70,70,65|66|67|68|69|70|71|72|73|74|75|76|77|78|79,1499.0,1499,0.0,1499,1499,0,70,0,stable
PB18_T11,PB,PB18,11,5400,85,70,70,65|66|67|68|69|70|71|72|73|74|75|76|77|78|79,1799.0,1799,0.0,1799,1799,0,70,0,stable
PB18_T12,PB,PB18,12,10800,85,70,70,65|66|67|68|69|70|71|72|73|74|75|76|77|78|79,3599.0,3599,0.0,3599,3599,0,70,0,stable
PB18_T2,PB,PB18,2,30,85,70,70,65|66|67|68|69|70|71|72|73|74|75|76|77|78|79,9.0,9,0.0,9,9,0,70,49,variable_or_internal_missingness
PB18_T3,PB,PB18,3,90,85,70,70,65|66|67|68|69|70|71|72|73|74|75|76|77|78|79,29.0,29,0.0,29,29,0,70,0,stable
PB18_T4,PB,PB18,4,180,85,70,70,65|66|67|68|69|70|71|72|73|74|75|76|77|78|79,59.0,59,0.0,59,59,0,70,1,variable_or_internal_missingness
PB18_T5,PB,PB18,5,270,85,70,70,65|66|67|68|69|70|71|72|73|74|75|76|77|78|79,89.0,89,0.0,89,89,0,70,0,stable
PB18_T6,PB,PB18,6,360,85,70,70,65|66|67|68|69|70|71|72|73|74|75|76|77|78|79,119.0,119,0.0,119,119,0,70,0,stable
PB18_T7,PB,PB18,7,900,85,70,70,65|66|67|68|69|70|71|72|73|74|75|76|77|78|79,299.0,299,0.0,299,299,0,70,0,stable
PB18_T8,PB,PB18,8,1800,85,70,70,65|66|67|68|69|70|71|72|73|74|75|76|77|78|79,599.0,599,0.0,599,599,0,70,0,stable
PB18_T9,PB,PB18,9,2700,85,70,70,65|66|67|68|69|70|71|72|73|74|75|76|77|78|79,899.0,899,0.0,899,899,0,70,0,stable
PB1_T1,PB,PB1,1,15,85,70,70,65|66|67|68|69|70|71|72|73|74|75|76|77|78|79,5.0,5,0.0,5,5,0,70,0,stable
PB1_T10,PB,PB1,10,4500,85,70,70,65|66|67|68|69|70|71|72|73|74|75|76|77|78|79,1500.0,1500,0.0,1500,1500,0,70,0,stable
PB1_T11,PB,PB1,11,5400,85,70,70,65|66|67|68|69|70|71|72|73|74|75|76|77|78|79,1800.0,1800,0.0,1800,1800,0,70,0,stable
PB1_T12,PB,PB1,12,10800,85,70,70,65|66|67|68|69|70|71|72|73|74|75|76|77|78|79,3600.0,3600,0.0,3600,3600,0,70,0,stable
PB1_T2,PB,PB1,2,30,85,70,70,65|66|67|68|69|70|71|72|73|74|75|76|77|78|79,10.0,10,0.0,10,10,0,70,0,stable
PB1_T3,PB,PB1,3,90,85,70,70,65|66|67|68|69|70|71|72|73|74|75|76|77|78|79,30.0,30,0.0,30,30,0,70,0,stable
PB1_T4,PB,PB1,4,180,85,70,70,65|66|67|68|69|70|71|72|73|74|75|76|77|78|79,60.0,60,0.0,60,60,0,70,0,stable
PB1_T5,PB,PB1,5,270,85,70,70,65|66|67|68|69|70|71|72|73|74|75|76|77|78|79,90.0,90,0.0,90,90,0,70,0,stable
PB1_T6,PB,PB1,6,360,85,70,70,65|66|67|68|69|70|71|72|73|74|75|76|77|78|79,120.0,120,0.0,120,120,0,70,0,stable
PB1_T7,PB,PB1,7,900,85,70,70,65|66|67|68|69|70|71|72|73|74|75|76|77|78|79,300.0,300,0.0,300,300,0,70,0,stable
PB1_T8,PB,PB1,8,1800,85,70,70,65|66|67|68|69|70|71|72|73|74|75|76|77|78|79,600.0,600,0.0,600,600,0,70,0,stable
PB1_T9,PB,PB1,9,2700,85,70,70,65|66|67|68|69|70|71|72|73|74|75|76|77|78|79,900.0,900,0.0,900,900,0,70,0,stable
PB2_T1,PB,PB2,1,15,85,70,70,65|66|67|68|69|70|71|72|73|74|75|76|77|78|79,10.0,10,0.0,10,10,0,70,0,stable
PB2_T10,PB,PB2,10,4500,85,70,70,65|66|67|68|69|70|71|72|73|74|75|76|77|78|79,3000.0,3000,0.0,3000,3000,0,70,0,stable
PB2_T11,PB,PB2,11,5400,85,70,70,65|66|67|68|69|70|71|72|73|74|75|76|77|78|79,3600.0,3600,0.0,3600,3600,0,70,0,stable
PB2_T12,PB,PB2,12,10800,85,70,70,65|66|67|68|69|70|71|72|73|74|75|76|77|78|79,7200.0,7200,0.0,7200,7200,0,70,0,stable
PB2_T2,PB,PB2,2,30,85,70,70,65|66|67|68|69|70|71|72|73|74|75|76|77|78|79,20.0,20,0.0,20,20,0,70,0,stable
PB2_T3,PB,PB2,3,90,85,70,70,65|66|67|68|69|70|71|72|73|74|75|76|77|78|79,60.0,60,0.0,60,60,0,70,0,stable
PB2_T4,PB,PB2,4,180,85,70,70,65|66|67|68|69|70|71|72|73|74|75|76|77|78|79,120.0,120,0.0,120,120,0,70,0,stable
PB2_T5,PB,PB2,5,270,85,70,70,65|66|67|68|69|70|71|72|73|74|75|76|77|78|79,180.0,180,0.0,180,180,0,70,0,stable
PB2_T6,PB,PB2,6,360,85,70,70,65|66|67|68|69|70|71|72|73|74|75|76|77|78|79,240.0,240,0.0,240,240,0,70,0,stable
PB2_T7,PB,PB2,7,900,85,70,70,65|66|67|68|69|70|71|72|73|74|75|76|77|78|79,600.0,600,0.0,600,600,0,70,0,stable
PB2_T8,PB,PB2,8,1800,85,70,70,65|66|67|68|69|70|71|72|73|74|75|76|77|78|79,1200.0,1200,0.0,1200,1200,0,70,0,stable
PB2_T9,PB,PB2,9,2700,85,70,70,65|66|67|68|69|70|71|72|73|74|75|76|77|78|79,1800.0,1800,0.0,1800,1800,0,70,0,stable
PB3_T1,PB,PB3,1,15,85,70,70,65|66|67|68|69|70|71|72|73|74|75|76|77|78|79,5.0,5,0.0,5,5,0,70,0,stable
PB3_T10,PB,PB3,10,4500,85,70,70,65|66|67|68|69|70|71|72|73|74|75|76|77|78|79,1500.0,1500,0.0,1500,1500,0,70,0,stable
PB3_T11,PB,PB3,11,5400,85,70,70,65|66|67|68|69|70|71|72|73|74|75|76|77|78|79,1800.0,1800,0.0,1800,1800,0,70,0,stable
PB3_T12,PB,PB3,12,10800,85,70,70,65|66|67|68|69|70|71|72|73|74|75|76|77|78|79,3600.0,3600,0.0,3600,3600,0,70,0,stable
PB3_T2,PB,PB3,2,30,85,70,70,65|66|67|68|69|70|71|72|73|74|75|76|77|78|79,10.0,10,0.0,10,10,0,70,0,stable
PB3_T3,PB,PB3,3,90,85,70,70,65|66|67|68|69|70|71|72|73|74|75|76|77|78|79,30.0,30,0.0,30,30,0,70,0,stable
PB3_T4,PB,PB3,4,180,85,70,70,65|66|67|68|69|70|71|72|73|74|75|76|77|78|79,60.0,60,0.0,60,60,0,70,0,stable
PB3_T5,PB,PB3,5,270,85,70,70,65|66|67|68|69|70|71|72|73|74|75|76|77|78|79,90.0,90,0.0,90,90,0,70,0,stable
PB3_T6,PB,PB3,6,360,85,70,70,65|66|67|68|69|70|71|72|73|74|75|76|77|78|79,120.0,120,0.0,120,120,0,70,0,stable
PB3_T7,PB,PB3,7,900,85,70,70,65|66|67|68|69|70|71|72|73|74|75|76|77|78|79,300.0,300,0.0,300,300,0,70,0,stable
PB3_T8,PB,PB3,8,1800,85,70,70,65|66|67|68|69|70|71|72|73|74|75|76|77|78|79,600.0,600,0.0,600,600,0,70,0,stable
PB3_T9,PB,PB3,9,2700,85,70,70,65|66|67|68|69|70|71|72|73|74|75|76|77|78|79,900.0,900,0.0,900,900,0,70,0,stable
PB4_T1,PB,PB4,1,15,85,70,70,65|66|67|68|69|70|71|72|73|74|75|76|77|78|79,5.0,5,0.0,5,5,0,70,0,stable
PB4_T10,PB,PB4,10,4500,85,70,70,65|66|67|68|69|70|71|72|73|74|75|76|77|78|79,1500.0,1500,0.0,1500,1500,0,70,0,stable
PB4_T11,PB,PB4,11,5400,85,70,70,65|66|67|68|69|70|71|72|73|74|75|76|77|78|79,1800.0,1800,0.0,1800,1800,0,70,0,stable
PB4_T12,PB,PB4,12,10800,85,70,70,65|66|67|68|69|70|71|72|73|74|75|76|77|78|79,3600.0,3600,0.0,3600,3600,0,70,0,stable
PB4_T2,PB,PB4,2,30,85,70,70,65|66|67|68|69|70|71|72|73|74|75|76|77|78|79,10.0,10,0.0,10,10,0,70,0,stable
PB4_T3,PB,PB4,3,90,85,70,70,65|66|67|68|69|70|71|72|73|74|75|76|77|78|79,30.0,30,0.0,30,30,0,70,0,stable
PB4_T4,PB,PB4,4,180,85,70,70,65|66|67|68|69|70|71|72|73|74|75|76|77|78|79,60.0,60,0.0,60,60,0,70,0,stable
PB4_T5,PB,PB4,5,270,85,70,70,65|66|67|68|69|70|71|72|73|74|75|76|77|78|79,90.0,90,0.0,90,90,0,70,0,stable
PB4_T6,PB,PB4,6,360,85,70,70,65|66|67|68|69|70|71|72|73|74|75|76|77|78|79,120.0,120,0.0,120,120,0,70,0,stable
PB4_T7,PB,PB4,7,900,85,70,70,65|66|67|68|69|70|71|72|73|74|75|76|77|78|79,300.0,300,0.0,300,300,0,70,0,stable
PB4_T8,PB,PB4,8,1800,85,70,70,65|66|67|68|69|70|71|72|73|74|75|76|77|78|79,600.0,600,0.0,600,600,0,70,0,stable
PB4_T9,PB,PB4,9,2700,85,70,70,65|66|67|68|69|70|71|72|73|74|75|76|77|78|79,900.0,900,0.0,900,900,0,70,0,stable
PB5_T1,PB,PB5,1,15,85,70,70,65|66|67|68|69|70|71|72|73|74|75|76|77|78|79,5.0,5,0.0,5,5,0,70,0,stable
PB5_T10,PB,PB5,10,4500,85,70,70,65|66|67|68|69|70|71|72|73|74|75|76|77|78|79,1500.0,1500,0.0,1500,1500,0,70,0,stable
PB5_T11,PB,PB5,11,5400,85,70,70,65|66|67|68|69|70|71|72|73|74|75|76|77|78|79,1800.0,1800,0.0,1800,1800,0,70,0,stable
PB5_T12,PB,PB5,12,10800,85,70,70,65|66|67|68|69|70|71|72|73|74|75|76|77|78|79,3600.0,3600,0.0,3600,3600,0,70,0,stable
PB5_T2,PB,PB5,2,30,85,70,70,65|66|67|68|69|70|71|72|73|74|75|76|77|78|79,10.0,10,0.0,10,10,0,70,0,stable
PB5_T3,PB,PB5,3,90,85,70,70,65|66|67|68|69|70|71|72|73|74|75|76|77|78|79,30.0,30,0.0,30,30,0,70,0,stable
PB5_T4,PB,PB5,4,180,85,70,70,65|66|67|68|69|70|71|72|73|74|75|76|77|78|79,60.0,60,0.0,60,60,0,70,0,stable
PB5_T5,PB,PB5,5,270,85,70,70,65|66|67|68|69|70|71|72|73|74|75|76|77|78|79,90.0,90,0.0,90,90,0,70,0,stable
PB5_T6,PB,PB5,6,360,85,70,70,65|66|67|68|69|70|71|72|73|74|75|76|77|78|79,120.0,120,0.0,120,120,0,70,0,stable
PB5_T7,PB,PB5,7,900,85,70,70,65|66|67|68|69|70|71|72|73|74|75|76|77|78|79,300.0,300,0.0,300,300,0,70,0,stable
PB5_T8,PB,PB5,8,1800,85,70,70,65|66|67|68|69|70|71|72|73|74|75|76|77|78|79,600.0,600,0.0,600,600,0,70,0,stable
PB5_T9,PB,PB5,9,2700,85,70,70,65|66|67|68|69|70|71|72|73|74|75|76|77|78|79,900.0,900,0.0,900,900,0,70,0,stable
PB6_T1,PB,PB6,1,15,85,70,70,65|66|67|68|69|70|71|72|73|74|75|76|77|78|79,13.0,13,0.0,13,13,0,70,0,stable
PB6_T10,PB,PB6,10,4500,85,70,70,65|66|67|68|69|70|71|72|73|74|75|76|77|78|79,4498.0,4498,0.0,4498,4498,0,70,0,stable
PB6_T11,PB,PB6,11,5400,85,70,70,65|66|67|68|69|70|71|72|73|74|75|76|77|78|79,5398.0,5398,0.0,5398,5398,0,70,0,stable
PB6_T12,PB,PB6,12,10800,85,70,70,65|66|67|68|69|70|71|72|73|74|75|76|77|78|79,10798.0,10798,0.0,10798,10798,0,70,0,stable
PB6_T2,PB,PB6,2,30,85,70,70,65|66|67|68|69|70|71|72|73|74|75|76|77|78|79,28.0,28,0.0,28,28,0,70,0,stable
PB6_T3,PB,PB6,3,90,85,70,70,65|66|67|68|69|70|71|72|73|74|75|76|77|78|79,88.0,88,0.0,88,88,0,70,0,stable
PB6_T4,PB,PB6,4,180,85,70,70,65|66|67|68|69|70|71|72|73|74|75|76|77|78|79,178.0,178,0.0,178,178,0,70,0,stable
PB6_T5,PB,PB6,5,270,85,70,70,65|66|67|68|69|70|71|72|73|74|75|76|77|78|79,268.0,268,0.0,268,268,0,70,0,stable
PB6_T6,PB,PB6,6,360,85,70,70,65|66|67|68|69|70|71|72|73|74|75|76|77|78|79,358.0,358,0.0,358,358,0,70,0,stable
PB6_T7,PB,PB6,7,900,85,70,70,65|66|67|68|69|70|71|72|73|74|75|76|77|78|79,898.0,898,0.0,898,898,0,70,0,stable
PB6_T8,PB,PB6,8,1800,85,70,70,65|66|67|68|69|70|71|72|73|74|75|76|77|78|79,1798.0,1798,0.0,1798,1798,0,70,0,stable
PB6_T9,PB,PB6,9,2700,85,70,70,65|66|67|68|69|70|71|72|73|74|75|76|77|78|79,2698.0,2698,0.0,2698,2698,0,70,0,stable
PB7_T1,PB,PB7,1,15,85,70,70,65|66|67|68|69|70|71|72|73|74|75|76|77|78|79,4.0,4,0.0,4,4,0,70,70,variable_or_internal_missingness
PB7_T10,PB,PB7,10,4500,85,70,70,65|66|67|68|69|70|71|72|73|74|75|76|77|78|79,1499.0,1499,0.0,1499,1499,0,70,0,stable
PB7_T11,PB,PB7,11,5400,85,70,70,65|66|67|68|69|70|71|72|73|74|75|76|77|78|79,1799.0,1799,0.0,1799,1799,0,70,0,stable
PB7_T12,PB,PB7,12,10800,85,70,70,65|66|67|68|69|70|71|72|73|74|75|76|77|78|79,3599.0,3599,0.0,3599,3599,0,70,0,stable
PB7_T2,PB,PB7,2,30,85,70,70,65|66|67|68|69|70|71|72|73|74|75|76|77|78|79,9.0,9,0.0,9,9,0,70,60,variable_or_internal_missingness
PB7_T3,PB,PB7,3,90,85,70,70,65|66|67|68|69|70|71|72|73|74|75|76|77|78|79,29.0,29,0.0,29,29,0,70,1,variable_or_internal_missingness
PB7_T4,PB,PB7,4,180,85,70,70,65|66|67|68|69|70|71|72|73|74|75|76|77|78|79,59.0,59,0.0,59,59,0,70,1,variable_or_internal_missingness
PB7_T5,PB,PB7,5,270,85,70,70,65|66|67|68|69|70|71|72|73|74|75|76|77|78|79,89.0,89,0.0,89,89,0,70,1,variable_or_internal_missingness
PB7_T6,PB,PB7,6,360,85,70,70,65|66|67|68|69|70|71|72|73|74|75|76|77|78|79,119.0,119,0.0,119,119,0,70,0,stable
PB7_T7,PB,PB7,7,900,85,70,70,65|66|67|68|69|70|71|72|73|74|75|76|77|78|79,299.0,299,0.0,299,299,0,70,0,stable
PB7_T8,PB,PB7,8,1800,85,70,70,65|66|67|68|69|70|71|72|73|74|75|76|77|78|79,599.0,599,0.0,599,599,0,70,0,stable
PB7_T9,PB,PB7,9,2700,85,70,70,65|66|67|68|69|70|71|72|73|74|75|76|77|78|79,899.0,899,0.0,899,899,0,70,0,stable
PB8_T1,PB,PB8,1,15,85,70,70,65|66|67|68|69|70|71|72|73|74|75|76|77|78|79,4.0,4,0.0,4,4,0,70,0,stable
PB8_T10,PB,PB8,10,4500,85,70,70,65|66|67|68|69|70|71|72|73|74|75|76|77|78|79,1499.0,1499,0.0,1499,1499,0,70,0,stable
PB8_T11,PB,PB8,11,5400,85,70,70,65|66|67|68|69|70|71|72|73|74|75|76|77|78|79,1799.0,1799,0.0,1799,1799,0,70,0,stable
PB8_T12,PB,PB8,12,10800,85,70,70,65|66|67|68|69|70|71|72|73|74|75|76|77|78|79,3599.0,3599,0.0,3599,3599,0,70,0,stable
PB8_T2,PB,PB8,2,30,85,70,70,65|66|67|68|69|70|71|72|73|74|75|76|77|78|79,9.0,9,0.0,9,9,0,70,0,stable
PB8_T3,PB,PB8,3,90,85,70,70,65|66|67|68|69|70|71|72|73|74|75|76|77|78|79,29.0,29,0.0,29,29,0,70,0,stable
PB8_T4,PB,PB8,4,180,85,70,70,65|66|67|68|69|70|71|72|73|74|75|76|77|78|79,59.0,59,0.0,59,59,0,70,0,stable
PB8_T5,PB,PB8,5,270,85,70,70,65|66|67|68|69|70|71|72|73|74|75|76|77|78|79,89.0,89,0.0,89,89,0,70,0,stable
PB8_T6,PB,PB8,6,360,85,70,70,65|66|67|68|69|70|71|72|73|74|75|76|77|78|79,119.0,119,0.0,119,119,0,70,0,stable
PB8_T7,PB,PB8,7,900,85,70,70,65|66|67|68|69|70|71|72|73|74|75|76|77|78|79,299.0,299,0.0,299,299,0,70,0,stable
PB8_T8,PB,PB8,8,1800,85,70,70,65|66|67|68|69|70|71|72|73|74|75|76|77|78|79,599.0,599,0.0,599,599,0,70,0,stable
PB8_T9,PB,PB8,9,2700,85,70,70,65|66|67|68|69|70|71|72|73|74|75|76|77|78|79,899.0,899,0.0,899,899,0,70,0,stable
PB9_T1,PB,PB9,1,15,85,70,70,65|66|67|68|69|70|71|72|73|74|75|76|77|78|79,1.0,1,0.0,1,1,0,70,0,stable
PB9_T10,PB,PB9,10,4500,85,70,70,65|66|67|68|69|70|71|72|73|74|75|76|77|78|79,1.0,1,0.0,1,1,0,70,0,stable
PB9_T11,PB,PB9,11,5400,85,70,70,65|66|67|68|69|70|71|72|73|74|75|76|77|78|79,1.0,1,0.0,1,1,0,70,0,stable
PB9_T12,PB,PB9,12,10800,85,70,70,65|66|67|68|69|70|71|72|73|74|75|76|77|78|79,1.0,1,0.0,1,1,0,70,0,stable
PB9_T2,PB,PB9,2,30,85,70,70,65|66|67|68|69|70|71|72|73|74|75|76|77|78|79,1.0,1,0.0,1,1,0,70,0,stable
PB9_T3,PB,PB9,3,90,85,70,70,65|66|67|68|69|70|71|72|73|74|75|76|77|78|79,1.0,1,0.0,1,1,0,70,0,stable
PB9_T4,PB,PB9,4,180,85,70,70,65|66|67|68|69|70|71|72|73|74|75|76|77|78|79,1.0,1,0.0,1,1,0,70,0,stable
PB9_T5,PB,PB9,5,270,85,70,70,65|66|67|68|69|70|71|72|73|74|75|76|77|78|79,1.0,1,0.0,1,1,0,70,0,stable
PB9_T6,PB,PB9,6,360,85,70,70,65|66|67|68|69|70|71|72|73|74|75|76|77|78|79,1.0,1,0.0,1,1,0,70,0,stable
PB9_T7,PB,PB9,7,900,85,70,70,65|66|67|68|69|70|71|72|73|74|75|76|77|78|79,1.0,1,0.0,1,1,0,70,0,stable
PB9_T8,PB,PB9,8,1800,85,70,70,65|66|67|68|69|70|71|72|73|74|75|76|77|78|79,1.0,1,0.0,1,1,0,70,0,stable
PB9_T9,PB,PB9,9,2700,85,70,70,65|66|67|68|69|70|71|72|73|74|75|76|77|78|79,1.0,1,0.0,1,1,0,70,0,stable
PV1_T1,PV,PV1,1,5,85,70,70,65|66|67|68|69|70|71|72|73|74|75|76|77|78|79,5.0,5,0.0,5,5,70,0,0,stable
PV1_T10,PV,PV1,10,1500,85,70,70,65|66|67|68|69|70|71|72|73|74|75|76|77|78|79,1500.0,1500,0.0,1500,1500,70,0,0,stable
PV1_T11,PV,PV1,11,1800,85,70,70,65|66|67|68|69|70|71|72|73|74|75|76|77|78|79,1800.0,1800,0.0,1800,1800,70,0,0,stable
PV1_T12,PV,PV1,12,3600,85,70,70,65|66|67|68|69|70|71|72|73|74|75|76|77|78|79,3600.0,3600,0.0,3600,3600,70,0,0,stable
PV1_T2,PV,PV1,2,10,85,70,70,65|66|67|68|69|70|71|72|73|74|75|76|77|78|79,10.0,10,0.0,10,10,70,0,0,stable
PV1_T3,PV,PV1,3,30,85,70,70,65|66|67|68|69|70|71|72|73|74|75|76|77|78|79,30.0,30,0.0,30,30,70,0,0,stable
PV1_T4,PV,PV1,4,60,85,70,70,65|66|67|68|69|70|71|72|73|74|75|76|77|78|79,60.0,60,0.0,60,60,70,0,0,stable
PV1_T5,PV,PV1,5,90,85,70,70,65|66|67|68|69|70|71|72|73|74|75|76|77|78|79,90.0,90,0.0,90,90,70,0,0,stable
PV1_T6,PV,PV1,6,120,85,70,70,65|66|67|68|69|70|71|72|73|74|75|76|77|78|79,120.0,120,0.0,120,120,70,0,0,stable
PV1_T7,PV,PV1,7,300,85,70,70,65|66|67|68|69|70|71|72|73|74|75|76|77|78|79,300.0,300,0.0,300,300,70,0,0,stable
PV1_T8,PV,PV1,8,600,85,70,70,65|66|67|68|69|70|71|72|73|74|75|76|77|78|79,600.0,600,0.0,600,600,70,0,0,stable
PV1_T9,PV,PV1,9,900,85,70,70,65|66|67|68|69|70|71|72|73|74|75|76|77|78|79,900.0,900,0.0,900,900,70,0,0,stable
PV2,PV,PV2,,,85,70,70,65|66|67|68|69|70|71|72|73|74|75|76|77|78|79,0.0,0,0.0,0,0,,,0,stable
PV3_B1_T1,PV,PV3_B1,1,5,85,70,70,65|66|67|68|69|70|71|72|73|74|75|76|77|78|79,0.0,0,0.0,0,0,0,70,0,stable
PV3_B1_T10,PV,PV3_B1,10,1500,85,70,70,65|66|67|68|69|70|71|72|73|74|75|76|77|78|79,0.0,0,0.0,0,0,0,70,0,stable
PV3_B1_T11,PV,PV3_B1,11,1800,85,70,70,65|66|67|68|69|70|71|72|73|74|75|76|77|78|79,0.0,0,0.0,0,0,0,70,0,stable
PV3_B1_T12,PV,PV3_B1,12,3600,85,70,70,65|66|67|68|69|70|71|72|73|74|75|76|77|78|79,0.0,0,0.0,0,0,0,70,0,stable
PV3_B1_T2,PV,PV3_B1,2,10,85,70,70,65|66|67|68|69|70|71|72|73|74|75|76|77|78|79,0.0,0,0.0,0,0,0,70,0,stable
PV3_B1_T3,PV,PV3_B1,3,30,85,70,70,65|66|67|68|69|70|71|72|73|74|75|76|77|78|79,0.0,0,0.0,0,0,0,70,0,stable
PV3_B1_T4,PV,PV3_B1,4,60,85,70,70,65|66|67|68|69|70|71|72|73|74|75|76|77|78|79,0.0,0,0.0,0,0,0,70,0,stable
PV3_B1_T5,PV,PV3_B1,5,90,85,70,70,65|66|67|68|69|70|71|72|73|74|75|76|77|78|79,0.0,0,0.0,0,0,0,70,0,stable
PV3_B1_T6,PV,PV3_B1,6,120,85,70,70,65|66|67|68|69|70|71|72|73|74|75|76|77|78|79,0.0,0,0.0,0,0,0,70,0,stable
PV3_B1_T7,PV,PV3_B1,7,300,85,70,70,65|66|67|68|69|70|71|72|73|74|75|76|77|78|79,0.0,0,0.0,0,0,0,70,0,stable
PV3_B1_T8,PV,PV3_B1,8,600,85,70,70,65|66|67|68|69|70|71|72|73|74|75|76|77|78|79,0.0,0,0.0,0,0,0,70,0,stable
PV3_B1_T9,PV,PV3_B1,9,900,85,70,70,65|66|67|68|69|70|71|72|73|74|75|76|77|78|79,0.0,0,0.0,0,0,0,70,0,stable
PV3_B2_T1,PV,PV3_B2,1,5,85,70,70,65|66|67|68|69|70|71|72|73|74|75|76|77|78|79,0.0,0,0.0,0,0,0,70,0,stable
PV3_B2_T10,PV,PV3_B2,10,1500,85,70,70,65|66|67|68|69|70|71|72|73|74|75|76|77|78|79,0.0,0,0.0,0,0,0,70,0,stable
PV3_B2_T11,PV,PV3_B2,11,1800,85,70,70,65|66|67|68|69|70|71|72|73|74|75|76|77|78|79,0.0,0,0.0,0,0,0,70,0,stable
PV3_B2_T12,PV,PV3_B2,12,3600,85,70,70,65|66|67|68|69|70|71|72|73|74|75|76|77|78|79,0.0,0,0.0,0,0,0,70,0,stable
PV3_B2_T2,PV,PV3_B2,2,10,85,70,70,65|66|67|68|69|70|71|72|73|74|75|76|77|78|79,0.0,0,0.0,0,0,0,70,0,stable
PV3_B2_T3,PV,PV3_B2,3,30,85,70,70,65|66|67|68|69|70|71|72|73|74|75|76|77|78|79,0.0,0,0.0,0,0,0,70,0,stable
PV3_B2_T4,PV,PV3_B2,4,60,85,70,70,65|66|67|68|69|70|71|72|73|74|75|76|77|78|79,0.0,0,0.0,0,0,0,70,0,stable
PV3_B2_T5,PV,PV3_B2,5,90,85,70,70,65|66|67|68|69|70|71|72|73|74|75|76|77|78|79,0.0,0,0.0,0,0,0,70,0,stable
PV3_B2_T6,PV,PV3_B2,6,120,85,70,70,65|66|67|68|69|70|71|72|73|74|75|76|77|78|79,0.0,0,0.0,0,0,0,70,0,stable
PV3_B2_T7,PV,PV3_B2,7,300,85,70,70,65|66|67|68|69|70|71|72|73|74|75|76|77|78|79,0.0,0,0.0,0,0,0,70,0,stable
PV3_B2_T8,PV,PV3_B2,8,600,85,70,70,65|66|67|68|69|70|71|72|73|74|75|76|77|78|79,0.0,0,0.0,0,0,0,70,0,stable
PV3_B2_T9,PV,PV3_B2,9,900,85,70,70,65|66|67|68|69|70|71|72|73|74|75|76|77|78|79,0.0,0,0.0,0,0,0,70,0,stable
PV3_B3_T1,PV,PV3_B3,1,5,85,70,70,65|66|67|68|69|70|71|72|73|74|75|76|77|78|79,0.0,0,0.0,0,0,0,70,0,stable
PV3_B3_T10,PV,PV3_B3,10,1500,85,70,70,65|66|67|68|69|70|71|72|73|74|75|76|77|78|79,0.0,0,0.0,0,0,0,70,0,stable
PV3_B3_T11,PV,PV3_B3,11,1800,85,70,70,65|66|67|68|69|70|71|72|73|74|75|76|77|78|79,0.0,0,0.0,0,0,0,70,0,stable
PV3_B3_T12,PV,PV3_B3,12,3600,85,70,70,65|66|67|68|69|70|71|72|73|74|75|76|77|78|79,0.0,0,0.0,0,0,0,70,0,stable
PV3_B3_T2,PV,PV3_B3,2,10,85,70,70,65|66|67|68|69|70|71|72|73|74|75|76|77|78|79,0.0,0,0.0,0,0,0,70,0,stable
PV3_B3_T3,PV,PV3_B3,3,30,85,70,70,65|66|67|68|69|70|71|72|73|74|75|76|77|78|79,0.0,0,0.0,0,0,0,70,0,stable
PV3_B3_T4,PV,PV3_B3,4,60,85,70,70,65|66|67|68|69|70|71|72|73|74|75|76|77|78|79,0.0,0,0.0,0,0,0,70,0,stable
PV3_B3_T5,PV,PV3_B3,5,90,85,70,70,65|66|67|68|69|70|71|72|73|74|75|76|77|78|79,0.0,0,0.0,0,0,0,70,0,stable
PV3_B3_T6,PV,PV3_B3,6,120,85,70,70,65|66|67|68|69|70|71|72|73|74|75|76|77|78|79,0.0,0,0.0,0,0,0,70,0,stable
PV3_B3_T7,PV,PV3_B3,7,300,85,70,70,65|66|67|68|69|70|71|72|73|74|75|76|77|78|79,0.0,0,0.0,0,0,0,70,0,stable
PV3_B3_T8,PV,PV3_B3,8,600,85,70,70,65|66|67|68|69|70|71|72|73|74|75|76|77|78|79,0.0,0,0.0,0,0,0,70,0,stable
PV3_B3_T9,PV,PV3_B3,9,900,85,70,70,65|66|67|68|69|70|71|72|73|74|75|76|77|78|79,0.0,0,0.0,0,0,0,70,0,stable
PV3_B4_T1,PV,PV3_B4,1,5,85,70,70,65|66|67|68|69|70|71|72|73|74|75|76|77|78|79,0.0,0,0.0,0,0,0,70,0,stable
PV3_B4_T10,PV,PV3_B4,10,1500,85,70,70,65|66|67|68|69|70|71|72|73|74|75|76|77|78|79,0.0,0,0.0,0,0,0,70,0,stable
PV3_B4_T11,PV,PV3_B4,11,1800,85,70,70,65|66|67|68|69|70|71|72|73|74|75|76|77|78|79,0.0,0,0.0,0,0,0,70,0,stable
PV3_B4_T12,PV,PV3_B4,12,3600,85,70,70,65|66|67|68|69|70|71|72|73|74|75|76|77|78|79,0.0,0,0.0,0,0,0,70,0,stable
PV3_B4_T2,PV,PV3_B4,2,10,85,70,70,65|66|67|68|69|70|71|72|73|74|75|76|77|78|79,0.0,0,0.0,0,0,0,70,0,stable
PV3_B4_T3,PV,PV3_B4,3,30,85,70,70,65|66|67|68|69|70|71|72|73|74|75|76|77|78|79,0.0,0,0.0,0,0,0,70,0,stable
PV3_B4_T4,PV,PV3_B4,4,60,85,70,70,65|66|67|68|69|70|71|72|73|74|75|76|77|78|79,0.0,0,0.0,0,0,0,70,0,stable
PV3_B4_T5,PV,PV3_B4,5,90,85,70,70,65|66|67|68|69|70|71|72|73|74|75|76|77|78|79,0.0,0,0.0,0,0,0,70,0,stable
PV3_B4_T6,PV,PV3_B4,6,120,85,70,70,65|66|67|68|69|70|71|72|73|74|75|76|77|78|79,0.0,0,0.0,0,0,0,70,0,stable
PV3_B4_T7,PV,PV3_B4,7,300,85,70,70,65|66|67|68|69|70|71|72|73|74|75|76|77|78|79,0.0,0,0.0,0,0,0,70,0,stable
PV3_B4_T8,PV,PV3_B4,8,600,85,70,70,65|66|67|68|69|70|71|72|73|74|75|76|77|78|79,0.0,0,0.0,0,0,0,70,0,stable
PV3_B4_T9,PV,PV3_B4,9,900,85,70,70,65|66|67|68|69|70|71|72|73|74|75|76|77|78|79,0.0,0,0.0,0,0,0,70,0,stable
PV3_B5_T1,PV,PV3_B5,1,5,85,70,70,65|66|67|68|69|70|71|72|73|74|75|76|77|78|79,0.0,0,0.0,0,0,0,70,0,stable
PV3_B5_T10,PV,PV3_B5,10,1500,85,70,70,65|66|67|68|69|70|71|72|73|74|75|76|77|78|79,0.0,0,0.0,0,0,0,70,0,stable
PV3_B5_T11,PV,PV3_B5,11,1800,85,70,70,65|66|67|68|69|70|71|72|73|74|75|76|77|78|79,0.0,0,0.0,0,0,0,70,0,stable
PV3_B5_T12,PV,PV3_B5,12,3600,85,70,70,65|66|67|68|69|70|71|72|73|74|75|76|77|78|79,0.0,0,0.0,0,0,0,70,0,stable
PV3_B5_T2,PV,PV3_B5,2,10,85,70,70,65|66|67|68|69|70|71|72|73|74|75|76|77|78|79,0.0,0,0.0,0,0,0,70,0,stable
PV3_B5_T3,PV,PV3_B5,3,30,85,70,70,65|66|67|68|69|70|71|72|73|74|75|76|77|78|79,0.0,0,0.0,0,0,0,70,0,stable
PV3_B5_T4,PV,PV3_B5,4,60,85,70,70,65|66|67|68|69|70|71|72|73|74|75|76|77|78|79,0.0,0,0.0,0,0,0,70,0,stable
PV3_B5_T5,PV,PV3_B5,5,90,85,70,70,65|66|67|68|69|70|71|72|73|74|75|76|77|78|79,0.0,0,0.0,0,0,0,70,0,stable
PV3_B5_T6,PV,PV3_B5,6,120,85,70,70,65|66|67|68|69|70|71|72|73|74|75|76|77|78|79,0.0,0,0.0,0,0,0,70,0,stable
PV3_B5_T7,PV,PV3_B5,7,300,85,70,70,65|66|67|68|69|70|71|72|73|74|75|76|77|78|79,0.0,0,0.0,0,0,0,70,0,stable
PV3_B5_T8,PV,PV3_B5,8,600,85,70,70,65|66|67|68|69|70|71|72|73|74|75|76|77|78|79,0.0,0,0.0,0,0,0,70,0,stable
PV3_B5_T9,PV,PV3_B5,9,900,85,70,70,65|66|67|68|69|70|71|72|73|74|75|76|77|78|79,0.0,0,0.0,0,0,0,70,0,stable
PV3_B6_T1,PV,PV3_B6,1,5,85,70,70,65|66|67|68|69|70|71|72|73|74|75|76|77|78|79,0.0,0,0.0,0,0,0,70,0,stable
PV3_B6_T10,PV,PV3_B6,10,1500,85,70,70,65|66|67|68|69|70|71|72|73|74|75|76|77|78|79,0.0,0,0.0,0,0,0,70,0,stable
PV3_B6_T11,PV,PV3_B6,11,1800,85,70,70,65|66|67|68|69|70|71|72|73|74|75|76|77|78|79,0.0,0,0.0,0,0,0,70,0,stable
PV3_B6_T12,PV,PV3_B6,12,3600,85,70,70,65|66|67|68|69|70|71|72|73|74|75|76|77|78|79,0.0,0,0.0,0,0,0,70,0,stable
PV3_B6_T2,PV,PV3_B6,2,10,85,70,70,65|66|67|68|69|70|71|72|73|74|75|76|77|78|79,0.0,0,0.0,0,0,0,70,0,stable
PV3_B6_T3,PV,PV3_B6,3,30,85,70,70,65|66|67|68|69|70|71|72|73|74|75|76|77|78|79,0.0,0,0.0,0,0,0,70,0,stable
PV3_B6_T4,PV,PV3_B6,4,60,85,70,70,65|66|67|68|69|70|71|72|73|74|75|76|77|78|79,0.0,0,0.0,0,0,0,70,0,stable
PV3_B6_T5,PV,PV3_B6,5,90,85,70,70,65|66|67|68|69|70|71|72|73|74|75|76|77|78|79,0.0,0,0.0,0,0,0,70,0,stable
PV3_B6_T6,PV,PV3_B6,6,120,85,70,70,65|66|67|68|69|70|71|72|73|74|75|76|77|78|79,0.0,0,0.0,0,0,0,70,0,stable
PV3_B6_T7,PV,PV3_B6,7,300,85,70,70,65|66|67|68|69|70|71|72|73|74|75|76|77|78|79,0.0,0,0.0,0,0,0,70,0,stable
PV3_B6_T8,PV,PV3_B6,8,600,85,70,70,65|66|67|68|69|70|71|72|73|74|75|76|77|78|79,0.0,0,0.0,0,0,0,70,0,stable
PV3_B6_T9,PV,PV3_B6,9,900,85,70,70,65|66|67|68|69|70|71|72|73|74|75|76|77|78|79,0.0,0,0.0,0,0,0,70,0,stable
PV3_B7_T1,PV,PV3_B7,1,5,85,70,70,65|66|67|68|69|70|71|72|73|74|75|76|77|78|79,0.0,0,0.0,0,0,0,70,0,stable
PV3_B7_T10,PV,PV3_B7,10,1500,85,70,70,65|66|67|68|69|70|71|72|73|74|75|76|77|78|79,0.0,0,0.0,0,0,0,70,0,stable
PV3_B7_T11,PV,PV3_B7,11,1800,85,70,70,65|66|67|68|69|70|71|72|73|74|75|76|77|78|79,0.0,0,0.0,0,0,0,70,0,stable
PV3_B7_T12,PV,PV3_B7,12,3600,85,70,70,65|66|67|68|69|70|71|72|73|74|75|76|77|78|79,0.0,0,0.0,0,0,0,70,0,stable
PV3_B7_T2,PV,PV3_B7,2,10,85,70,70,65|66|67|68|69|70|71|72|73|74|75|76|77|78|79,0.0,0,0.0,0,0,0,70,0,stable
PV3_B7_T3,PV,PV3_B7,3,30,85,70,70,65|66|67|68|69|70|71|72|73|74|75|76|77|78|79,0.0,0,0.0,0,0,0,70,0,stable
PV3_B7_T4,PV,PV3_B7,4,60,85,70,70,65|66|67|68|69|70|71|72|73|74|75|76|77|78|79,0.0,0,0.0,0,0,0,70,0,stable
PV3_B7_T5,PV,PV3_B7,5,90,85,70,70,65|66|67|68|69|70|71|72|73|74|75|76|77|78|79,0.0,0,0.0,0,0,0,70,0,stable
PV3_B7_T6,PV,PV3_B7,6,120,85,70,70,65|66|67|68|69|70|71|72|73|74|75|76|77|78|79,0.0,0,0.0,0,0,0,70,0,stable
PV3_B7_T7,PV,PV3_B7,7,300,85,70,70,65|66|67|68|69|70|71|72|73|74|75|76|77|78|79,0.0,0,0.0,0,0,0,70,0,stable
PV3_B7_T8,PV,PV3_B7,8,600,85,70,70,65|66|67|68|69|70|71|72|73|74|75|76|77|78|79,0.0,0,0.0,0,0,0,70,0,stable
PV3_B7_T9,PV,PV3_B7,9,900,85,70,70,65|66|67|68|69|70|71|72|73|74|75|76|77|78|79,0.0,0,0.0,0,0,0,70,0,stable
V1_T1,V,V1,1,5,85,70,70,65|66|67|68|69|70|71|72|73|74|75|76|77|78|79,1.0,1,0.0,1,1,0,70,0,stable
V1_T10,V,V1,10,1500,85,70,70,65|66|67|68|69|70|71|72|73|74|75|76|77|78|79,1.0,1,0.0,1,1,0,70,0,stable
V1_T11,V,V1,11,1800,85,70,70,65|66|67|68|69|70|71|72|73|74|75|76|77|78|79,1.0,1,0.0,1,1,0,70,0,stable
V1_T12,V,V1,12,3600,85,70,70,65|66|67|68|69|70|71|72|73|74|75|76|77|78|79,1.0,1,0.0,1,1,0,70,0,stable
V1_T2,V,V1,2,10,85,70,70,65|66|67|68|69|70|71|72|73|74|75|76|77|78|79,1.0,1,0.0,1,1,0,70,0,stable
V1_T3,V,V1,3,30,85,70,70,65|66|67|68|69|70|71|72|73|74|75|76|77|78|79,1.0,1,0.0,1,1,0,70,0,stable
V1_T4,V,V1,4,60,85,70,70,65|66|67|68|69|70|71|72|73|74|75|76|77|78|79,1.0,1,0.0,1,1,0,70,0,stable
V1_T5,V,V1,5,90,85,70,70,65|66|67|68|69|70|71|72|73|74|75|76|77|78|79,1.0,1,0.0,1,1,0,70,0,stable
V1_T6,V,V1,6,120,85,70,70,65|66|67|68|69|70|71|72|73|74|75|76|77|78|79,1.0,1,0.0,1,1,0,70,0,stable
V1_T7,V,V1,7,300,85,70,70,65|66|67|68|69|70|71|72|73|74|75|76|77|78|79,1.0,1,0.0,1,1,0,70,0,stable
V1_T8,V,V1,8,600,85,70,70,65|66|67|68|69|70|71|72|73|74|75|76|77|78|79,1.0,1,0.0,1,1,0,70,0,stable
V1_T9,V,V1,9,900,85,70,70,65|66|67|68|69|70|71|72|73|74|75|76|77|78|79,1.0,1,0.0,1,1,0,70,0,stable
V2_T1,V,V2,1,5,85,70,70,65|66|67|68|69|70|71|72|73|74|75|76|77|78|79,4.0,4,0.0,4,4,0,70,0,stable
V2_T10,V,V2,10,1500,85,70,70,65|66|67|68|69|70|71|72|73|74|75|76|77|78|79,1499.0,1499,0.0,1499,1499,0,70,0,stable
V2_T11,V,V2,11,1800,85,70,70,65|66|67|68|69|70|71|72|73|74|75|76|77|78|79,1799.0,1799,0.0,1799,1799,0,70,0,stable
V2_T12,V,V2,12,3600,85,70,70,65|66|67|68|69|70|71|72|73|74|75|76|77|78|79,3599.0,3599,0.0,3599,3599,0,70,0,stable
V2_T2,V,V2,2,10,85,70,70,65|66|67|68|69|70|71|72|73|74|75|76|77|78|79,9.0,9,0.0,9,9,0,70,0,stable
V2_T3,V,V2,3,30,85,70,70,65|66|67|68|69|70|71|72|73|74|75|76|77|78|79,29.0,29,0.0,29,29,0,70,0,stable
V2_T4,V,V2,4,60,85,70,70,65|66|67|68|69|70|71|72|73|74|75|76|77|78|79,59.0,59,0.0,59,59,0,70,0,stable
V2_T5,V,V2,5,90,85,70,70,65|66|67|68|69|70|71|72|73|74|75|76|77|78|79,89.0,89,0.0,89,89,0,70,0,stable
V2_T6,V,V2,6,120,85,70,70,65|66|67|68|69|70|71|72|73|74|75|76|77|78|79,119.0,119,0.0,119,119,0,70,0,stable
V2_T7,V,V2,7,300,85,70,70,65|66|67|68|69|70|71|72|73|74|75|76|77|78|79,299.0,299,0.0,299,299,0,70,0,stable
V2_T8,V,V2,8,600,85,70,70,65|66|67|68|69|70|71|72|73|74|75|76|77|78|79,599.0,599,0.0,599,599,0,70,0,stable
V2_T9,V,V2,9,900,85,70,70,65|66|67|68|69|70|71|72|73|74|75|76|77|78|79,899.0,899,0.0,899,899,0,70,0,stable
V3_T1,V,V3,1,5,85,70,70,65|66|67|68|69|70|71|72|73|74|75|76|77|78|79,0.0,0,0.0,0,0,0,70,0,stable
V3_T10,V,V3,10,1500,85,70,70,65|66|67|68|69|70|71|72|73|74|75|76|77|78|79,0.0,0,0.0,0,0,0,70,0,stable
V3_T11,V,V3,11,1800,85,70,70,65|66|67|68|69|70|71|72|73|74|75|76|77|78|79,0.0,0,0.0,0,0,0,70,0,stable
V3_T12,V,V3,12,3600,85,70,70,65|66|67|68|69|70|71|72|73|74|75|76|77|78|79,0.0,0,0.0,0,0,0,70,0,stable
V3_T2,V,V3,2,10,85,70,70,65|66|67|68|69|70|71|72|73|74|75|76|77|78|79,0.0,0,0.0,0,0,0,70,0,stable
V3_T3,V,V3,3,30,85,70,70,65|66|67|68|69|70|71|72|73|74|75|76|77|78|79,0.0,0,0.0,0,0,0,70,0,stable
V3_T4,V,V3,4,60,85,70,70,65|66|67|68|69|70|71|72|73|74|75|76|77|78|79,0.0,0,0.0,0,0,0,70,0,stable
V3_T5,V,V3,5,90,85,70,70,65|66|67|68|69|70|71|72|73|74|75|76|77|78|79,0.0,0,0.0,0,0,0,70,0,stable
V3_T6,V,V3,6,120,85,70,70,65|66|67|68|69|70|71|72|73|74|75|76|77|78|79,0.0,0,0.0,0,0,0,70,0,stable
V3_T7,V,V3,7,300,85,70,70,65|66|67|68|69|70|71|72|73|74|75|76|77|78|79,0.0,0,0.0,0,0,0,70,0,stable
V3_T8,V,V3,8,600,85,70,70,65|66|67|68|69|70|71|72|73|74|75|76|77|78|79,0.0,0,0.0,0,0,0,70,0,stable
V3_T9,V,V3,9,900,85,70,70,65|66|67|68|69|70|71|72|73|74|75|76|77|78|79,0.0,0,0.0,0,0,0,70,0,stable
V4_T1,V,V4,1,5,85,70,70,65|66|67|68|69|70|71|72|73|74|75|76|77|78|79,0.0,0,0.0,0,0,0,70,0,stable
V4_T10,V,V4,10,1500,85,70,70,65|66|67|68|69|70|71|72|73|74|75|76|77|78|79,0.0,0,0.0,0,0,0,70,0,stable
V4_T11,V,V4,11,1800,85,70,70,65|66|67|68|69|70|71|72|73|74|75|76|77|78|79,0.0,0,0.0,0,0,0,70,0,stable
V4_T12,V,V4,12,3600,85,70,70,65|66|67|68|69|70|71|72|73|74|75|76|77|78|79,0.0,0,0.0,0,0,0,70,0,stable
V4_T2,V,V4,2,10,85,70,70,65|66|67|68|69|70|71|72|73|74|75|76|77|78|79,0.0,0,0.0,0,0,0,70,0,stable
V4_T3,V,V4,3,30,85,70,70,65|66|67|68|69|70|71|72|73|74|75|76|77|78|79,0.0,0,0.0,0,0,0,70,0,stable
V4_T4,V,V4,4,60,85,70,70,65|66|67|68|69|70|71|72|73|74|75|76|77|78|79,0.0,0,0.0,0,0,0,70,0,stable
V4_T5,V,V4,5,90,85,70,70,65|66|67|68|69|70|71|72|73|74|75|76|77|78|79,0.0,0,0.0,0,0,0,70,0,stable
V4_T6,V,V4,6,120,85,70,70,65|66|67|68|69|70|71|72|73|74|75|76|77|78|79,0.0,0,0.0,0,0,0,70,0,stable
V4_T7,V,V4,7,300,85,70,70,65|66|67|68|69|70|71|72|73|74|75|76|77|78|79,0.0,0,0.0,0,0,0,70,0,stable
V4_T8,V,V4,8,600,85,70,70,65|66|67|68|69|70|71|72|73|74|75|76|77|78|79,0.0,0,0.0,0,0,0,70,0,stable
V4_T9,V,V4,9,900,85,70,70,65|66|67|68|69|70|71|72|73|74|75|76|77|78|79,0.0,0,0.0,0,0,0,70,0,stable
V5,V,V5,,,85,70,70,65|66|67|68|69|70|71|72|73|74|75|76|77|78|79,0.0,0,0.0,0,0,,,0,stable
V8_T10_T11,V,V8_T10,11,1800,85,70,70,65|66|67|68|69|70|71|72|73|74|75|76|77|78|79,0.0,0,0.0,0,0,0,70,0,stable
V8_T10_T12,V,V8_T10,12,3600,85,70,70,65|66|67|68|69|70|71|72|73|74|75|76|77|78|79,0.0,0,0.0,0,0,0,70,0,stable
V8_T11_T12,V,V8_T11,12,3600,85,70,70,65|66|67|68|69|70|71|72|73|74|75|76|77|78|79,0.0,0,0.0,0,0,0,70,0,stable
V8_T1_T10,V,V8_T1,10,1500,85,70,70,65|66|67|68|69|70|71|72|73|74|75|76|77|78|79,0.0,0,0.0,0,0,0,70,0,stable
V8_T1_T11,V,V8_T1,11,1800,85,70,70,65|66|67|68|69|70|71|72|73|74|75|76|77|78|79,0.0,0,0.0,0,0,0,70,0,stable
V8_T1_T12,V,V8_T1,12,3600,85,70,70,65|66|67|68|69|70|71|72|73|74|75|76|77|78|79,0.0,0,0.0,0,0,0,70,0,stable
V8_T1_T2,V,V8_T1,2,10,85,70,70,65|66|67|68|69|70|71|72|73|74|75|76|77|78|79,0.0,0,0.0,0,0,0,70,0,stable
V8_T1_T3,V,V8_T1,3,30,85,70,70,65|66|67|68|69|70|71|72|73|74|75|76|77|78|79,0.0,0,0.0,0,0,0,70,0,stable
V8_T1_T4,V,V8_T1,4,60,85,70,70,65|66|67|68|69|70|71|72|73|74|75|76|77|78|79,0.0,0,0.0,0,0,0,70,0,stable
V8_T1_T5,V,V8_T1,5,90,85,70,70,65|66|67|68|69|70|71|72|73|74|75|76|77|78|79,0.0,0,0.0,0,0,0,70,0,stable
V8_T1_T6,V,V8_T1,6,120,85,70,70,65|66|67|68|69|70|71|72|73|74|75|76|77|78|79,0.0,0,0.0,0,0,0,70,0,stable
V8_T1_T7,V,V8_T1,7,300,85,70,70,65|66|67|68|69|70|71|72|73|74|75|76|77|78|79,0.0,0,0.0,0,0,0,70,0,stable
V8_T1_T8,V,V8_T1,8,600,85,70,70,65|66|67|68|69|70|71|72|73|74|75|76|77|78|79,0.0,0,0.0,0,0,0,70,0,stable
V8_T1_T9,V,V8_T1,9,900,85,70,70,65|66|67|68|69|70|71|72|73|74|75|76|77|78|79,0.0,0,0.0,0,0,0,70,0,stable
V8_T2_T10,V,V8_T2,10,1500,85,70,70,65|66|67|68|69|70|71|72|73|74|75|76|77|78|79,0.0,0,0.0,0,0,0,70,0,stable
V8_T2_T11,V,V8_T2,11,1800,85,70,70,65|66|67|68|69|70|71|72|73|74|75|76|77|78|79,0.0,0,0.0,0,0,0,70,0,stable
V8_T2_T12,V,V8_T2,12,3600,85,70,70,65|66|67|68|69|70|71|72|73|74|75|76|77|78|79,0.0,0,0.0,0,0,0,70,0,stable
V8_T2_T3,V,V8_T2,3,30,85,70,70,65|66|67|68|69|70|71|72|73|74|75|76|77|78|79,0.0,0,0.0,0,0,0,70,0,stable
V8_T2_T4,V,V8_T2,4,60,85,70,70,65|66|67|68|69|70|71|72|73|74|75|76|77|78|79,0.0,0,0.0,0,0,0,70,0,stable
V8_T2_T5,V,V8_T2,5,90,85,70,70,65|66|67|68|69|70|71|72|73|74|75|76|77|78|79,0.0,0,0.0,0,0,0,70,0,stable
V8_T2_T6,V,V8_T2,6,120,85,70,70,65|66|67|68|69|70|71|72|73|74|75|76|77|78|79,0.0,0,0.0,0,0,0,70,0,stable
V8_T2_T7,V,V8_T2,7,300,85,70,70,65|66|67|68|69|70|71|72|73|74|75|76|77|78|79,0.0,0,0.0,0,0,0,70,0,stable
V8_T2_T8,V,V8_T2,8,600,85,70,70,65|66|67|68|69|70|71|72|73|74|75|76|77|78|79,0.0,0,0.0,0,0,0,70,0,stable
V8_T2_T9,V,V8_T2,9,900,85,70,70,65|66|67|68|69|70|71|72|73|74|75|76|77|78|79,0.0,0,0.0,0,0,0,70,0,stable
V8_T3_T10,V,V8_T3,10,1500,85,70,70,65|66|67|68|69|70|71|72|73|74|75|76|77|78|79,0.0,0,0.0,0,0,0,70,0,stable
V8_T3_T11,V,V8_T3,11,1800,85,70,70,65|66|67|68|69|70|71|72|73|74|75|76|77|78|79,0.0,0,0.0,0,0,0,70,0,stable
V8_T3_T12,V,V8_T3,12,3600,85,70,70,65|66|67|68|69|70|71|72|73|74|75|76|77|78|79,0.0,0,0.0,0,0,0,70,0,stable
V8_T3_T4,V,V8_T3,4,60,85,70,70,65|66|67|68|69|70|71|72|73|74|75|76|77|78|79,0.0,0,0.0,0,0,0,70,0,stable
V8_T3_T5,V,V8_T3,5,90,85,70,70,65|66|67|68|69|70|71|72|73|74|75|76|77|78|79,0.0,0,0.0,0,0,0,70,0,stable
V8_T3_T6,V,V8_T3,6,120,85,70,70,65|66|67|68|69|70|71|72|73|74|75|76|77|78|79,0.0,0,0.0,0,0,0,70,0,stable
V8_T3_T7,V,V8_T3,7,300,85,70,70,65|66|67|68|69|70|71|72|73|74|75|76|77|78|79,0.0,0,0.0,0,0,0,70,0,stable
V8_T3_T8,V,V8_T3,8,600,85,70,70,65|66|67|68|69|70|71|72|73|74|75|76|77|78|79,0.0,0,0.0,0,0,0,70,0,stable
V8_T3_T9,V,V8_T3,9,900,85,70,70,65|66|67|68|69|70|71|72|73|74|75|76|77|78|79,0.0,0,0.0,0,0,0,70,0,stable
V8_T4_T10,V,V8_T4,10,1500,85,70,70,65|66|67|68|69|70|71|72|73|74|75|76|77|78|79,0.0,0,0.0,0,0,0,70,0,stable
V8_T4_T11,V,V8_T4,11,1800,85,70,70,65|66|67|68|69|70|71|72|73|74|75|76|77|78|79,0.0,0,0.0,0,0,0,70,0,stable
V8_T4_T12,V,V8_T4,12,3600,85,70,70,65|66|67|68|69|70|71|72|73|74|75|76|77|78|79,0.0,0,0.0,0,0,0,70,0,stable
V8_T4_T5,V,V8_T4,5,90,85,70,70,65|66|67|68|69|70|71|72|73|74|75|76|77|78|79,0.0,0,0.0,0,0,0,70,0,stable
V8_T4_T6,V,V8_T4,6,120,85,70,70,65|66|67|68|69|70|71|72|73|74|75|76|77|78|79,0.0,0,0.0,0,0,0,70,0,stable
V8_T4_T7,V,V8_T4,7,300,85,70,70,65|66|67|68|69|70|71|72|73|74|75|76|77|78|79,0.0,0,0.0,0,0,0,70,0,stable
V8_T4_T8,V,V8_T4,8,600,85,70,70,65|66|67|68|69|70|71|72|73|74|75|76|77|78|79,0.0,0,0.0,0,0,0,70,0,stable
V8_T4_T9,V,V8_T4,9,900,85,70,70,65|66|67|68|69|70|71|72|73|74|75|76|77|78|79,0.0,0,0.0,0,0,0,70,0,stable
V8_T5_T10,V,V8_T5,10,1500,85,70,70,65|66|67|68|69|70|71|72|73|74|75|76|77|78|79,0.0,0,0.0,0,0,0,70,0,stable
V8_T5_T11,V,V8_T5,11,1800,85,70,70,65|66|67|68|69|70|71|72|73|74|75|76|77|78|79,0.0,0,0.0,0,0,0,70,0,stable
V8_T5_T12,V,V8_T5,12,3600,85,70,70,65|66|67|68|69|70|71|72|73|74|75|76|77|78|79,0.0,0,0.0,0,0,0,70,0,stable
V8_T5_T6,V,V8_T5,6,120,85,70,70,65|66|67|68|69|70|71|72|73|74|75|76|77|78|79,0.0,0,0.0,0,0,0,70,0,stable
V8_T5_T7,V,V8_T5,7,300,85,70,70,65|66|67|68|69|70|71|72|73|74|75|76|77|78|79,0.0,0,0.0,0,0,0,70,0,stable
V8_T5_T8,V,V8_T5,8,600,85,70,70,65|66|67|68|69|70|71|72|73|74|75|76|77|78|79,0.0,0,0.0,0,0,0,70,0,stable
V8_T5_T9,V,V8_T5,9,900,85,70,70,65|66|67|68|69|70|71|72|73|74|75|76|77|78|79,0.0,0,0.0,0,0,0,70,0,stable
V8_T6_T10,V,V8_T6,10,1500,85,70,70,65|66|67|68|69|70|71|72|73|74|75|76|77|78|79,0.0,0,0.0,0,0,0,70,0,stable
V8_T6_T11,V,V8_T6,11,1800,85,70,70,65|66|67|68|69|70|71|72|73|74|75|76|77|78|79,0.0,0,0.0,0,0,0,70,0,stable
V8_T6_T12,V,V8_T6,12,3600,85,70,70,65|66|67|68|69|70|71|72|73|74|75|76|77|78|79,0.0,0,0.0,0,0,0,70,0,stable
V8_T6_T7,V,V8_T6,7,300,85,70,70,65|66|67|68|69|70|71|72|73|74|75|76|77|78|79,0.0,0,0.0,0,0,0,70,0,stable
V8_T6_T8,V,V8_T6,8,600,85,70,70,65|66|67|68|69|70|71|72|73|74|75|76|77|78|79,0.0,0,0.0,0,0,0,70,0,stable
V8_T6_T9,V,V8_T6,9,900,85,70,70,65|66|67|68|69|70|71|72|73|74|75|76|77|78|79,0.0,0,0.0,0,0,0,70,0,stable
V8_T7_T10,V,V8_T7,10,1500,85,70,70,65|66|67|68|69|70|71|72|73|74|75|76|77|78|79,0.0,0,0.0,0,0,0,70,0,stable
V8_T7_T11,V,V8_T7,11,1800,85,70,70,65|66|67|68|69|70|71|72|73|74|75|76|77|78|79,0.0,0,0.0,0,0,0,70,0,stable
V8_T7_T12,V,V8_T7,12,3600,85,70,70,65|66|67|68|69|70|71|72|73|74|75|76|77|78|79,0.0,0,0.0,0,0,0,70,0,stable
V8_T7_T8,V,V8_T7,8,600,85,70,70,65|66|67|68|69|70|71|72|73|74|75|76|77|78|79,0.0,0,0.0,0,0,0,70,0,stable
V8_T7_T9,V,V8_T7,9,900,85,70,70,65|66|67|68|69|70|71|72|73|74|75|76|77|78|79,0.0,0,0.0,0,0,0,70,0,stable
V8_T8_T10,V,V8_T8,10,1500,85,70,70,65|66|67|68|69|70|71|72|73|74|75|76|77|78|79,0.0,0,0.0,0,0,0,70,0,stable
V8_T8_T11,V,V8_T8,11,1800,85,70,70,65|66|67|68|69|70|71|72|73|74|75|76|77|78|79,0.0,0,0.0,0,0,0,70,0,stable
V8_T8_T12,V,V8_T8,12,3600,85,70,70,65|66|67|68|69|70|71|72|73|74|75|76|77|78|79,0.0,0,0.0,0,0,0,70,0,stable
V8_T8_T9,V,V8_T8,9,900,85,70,70,65|66|67|68|69|70|71|72|73|74|75|76|77|78|79,0.0,0,0.0,0,0,0,70,0,stable
V8_T9_T10,V,V8_T9,10,1500,85,70,70,65|66|67|68|69|70|71|72|73|74|75|76|77|78|79,0.0,0,0.0,0,0,0,70,0,stable
V8_T9_T11,V,V8_T9,11,1800,85,70,70,65|66|67|68|69|70|71|72|73|74|75|76|77|78|79,0.0,0,0.0,0,0,0,70,0,stable
V8_T9_T12,V,V8_T9,12,3600,85,70,70,65|66|67|68|69|70|71|72|73|74|75|76|77|78|79,0.0,0,0.0,0,0,0,70,0,stable
VB1_T1,VB,VB1,1,5,85,70,70,65|66|67|68|69|70|71|72|73|74|75|76|77|78|79,5.0,5,0.0,5,5,70,0,70,variable_or_internal_missingness
VB1_T10,VB,VB1,10,1500,85,70,70,65|66|67|68|69|70|71|72|73|74|75|76|77|78|79,1500.0,1500,0.0,1500,1500,70,0,0,stable
VB1_T11,VB,VB1,11,1800,85,70,70,65|66|67|68|69|70|71|72|73|74|75|76|77|78|79,1800.0,1800,0.0,1800,1800,70,0,0,stable
VB1_T12,VB,VB1,12,3600,85,70,70,65|66|67|68|69|70|71|72|73|74|75|76|77|78|79,3600.0,3600,0.0,3600,3600,70,0,0,stable
VB1_T2,VB,VB1,2,10,85,70,70,65|66|67|68|69|70|71|72|73|74|75|76|77|78|79,10.0,10,0.0,10,10,70,0,60,variable_or_internal_missingness
VB1_T3,VB,VB1,3,30,85,70,70,65|66|67|68|69|70|71|72|73|74|75|76|77|78|79,30.0,30,0.0,30,30,70,0,1,variable_or_internal_missingness
VB1_T4,VB,VB1,4,60,85,70,70,65|66|67|68|69|70|71|72|73|74|75|76|77|78|79,60.0,60,0.0,60,60,70,0,1,variable_or_internal_missingness
VB1_T5,VB,VB1,5,90,85,70,70,65|66|67|68|69|70|71|72|73|74|75|76|77|78|79,90.0,90,0.0,90,90,70,0,1,variable_or_internal_missingness
VB1_T6,VB,VB1,6,120,85,70,70,65|66|67|68|69|70|71|72|73|74|75|76|77|78|79,120.0,120,0.0,120,120,70,0,0,stable
VB1_T7,VB,VB1,7,300,85,70,70,65|66|67|68|69|70|71|72|73|74|75|76|77|78|79,300.0,300,0.0,300,300,70,0,0,stable
VB1_T8,VB,VB1,8,600,85,70,70,65|66|67|68|69|70|71|72|73|74|75|76|77|78|79,600.0,600,0.0,600,600,70,0,0,stable
VB1_T9,VB,VB1,9,900,85,70,70,65|66|67|68|69|70|71|72|73|74|75|76|77|78|79,900.0,900,0.0,900,900,70,0,0,stable
VB2_T1,VB,VB2,1,5,85,70,70,65|66|67|68|69|70|71|72|73|74|75|76|77|78|79,5.0,5,0.0,5,5,70,0,0,stable
VB2_T10,VB,VB2,10,1500,85,70,70,65|66|67|68|69|70|71|72|73|74|75|76|77|78|79,1500.0,1500,0.0,1500,1500,70,0,0,stable
VB2_T11,VB,VB2,11,1800,85,70,70,65|66|67|68|69|70|71|72|73|74|75|76|77|78|79,1800.0,1800,0.0,1800,1800,70,0,0,stable
VB2_T12,VB,VB2,12,3600,85,70,70,65|66|67|68|69|70|71|72|73|74|75|76|77|78|79,3600.0,3600,0.0,3600,3600,70,0,0,stable
VB2_T2,VB,VB2,2,10,85,70,70,65|66|67|68|69|70|71|72|73|74|75|76|77|78|79,10.0,10,0.0,10,10,70,0,0,stable
VB2_T3,VB,VB2,3,30,85,70,70,65|66|67|68|69|70|71|72|73|74|75|76|77|78|79,30.0,30,0.0,30,30,70,0,0,stable
VB2_T4,VB,VB2,4,60,85,70,70,65|66|67|68|69|70|71|72|73|74|75|76|77|78|79,60.0,60,0.0,60,60,70,0,0,stable
VB2_T5,VB,VB2,5,90,85,70,70,65|66|67|68|69|70|71|72|73|74|75|76|77|78|79,90.0,90,0.0,90,90,70,0,0,stable
VB2_T6,VB,VB2,6,120,85,70,70,65|66|67|68|69|70|71|72|73|74|75|76|77|78|79,120.0,120,0.0,120,120,70,0,0,stable
VB2_T7,VB,VB2,7,300,85,70,70,65|66|67|68|69|70|71|72|73|74|75|76|77|78|79,300.0,300,0.0,300,300,70,0,0,stable
VB2_T8,VB,VB2,8,600,85,70,70,65|66|67|68|69|70|71|72|73|74|75|76|77|78|79,600.0,600,0.0,600,600,70,0,0,stable
VB2_T9,VB,VB2,9,900,85,70,70,65|66|67|68|69|70|71|72|73|74|75|76|77|78|79,900.0,900,0.0,900,900,70,0,0,stable
VB3_T1,VB,VB3,1,5,85,70,70,65|66|67|68|69|70|71|72|73|74|75|76|77|78|79,5.0,5,0.0,5,5,70,0,0,stable
VB3_T10,VB,VB3,10,1500,85,70,70,65|66|67|68|69|70|71|72|73|74|75|76|77|78|79,1500.0,1500,0.0,1500,1500,70,0,0,stable
VB3_T11,VB,VB3,11,1800,85,70,70,65|66|67|68|69|70|71|72|73|74|75|76|77|78|79,1800.0,1800,0.0,1800,1800,70,0,0,stable
VB3_T12,VB,VB3,12,3600,85,70,70,65|66|67|68|69|70|71|72|73|74|75|76|77|78|79,3600.0,3600,0.0,3600,3600,70,0,0,stable
VB3_T2,VB,VB3,2,10,85,70,70,65|66|67|68|69|70|71|72|73|74|75|76|77|78|79,10.0,10,0.0,10,10,70,0,0,stable
VB3_T3,VB,VB3,3,30,85,70,70,65|66|67|68|69|70|71|72|73|74|75|76|77|78|79,30.0,30,0.0,30,30,70,0,0,stable
VB3_T4,VB,VB3,4,60,85,70,70,65|66|67|68|69|70|71|72|73|74|75|76|77|78|79,60.0,60,0.0,60,60,70,0,0,stable
VB3_T5,VB,VB3,5,90,85,70,70,65|66|67|68|69|70|71|72|73|74|75|76|77|78|79,90.0,90,0.0,90,90,70,0,0,stable
VB3_T6,VB,VB3,6,120,85,70,70,65|66|67|68|69|70|71|72|73|74|75|76|77|78|79,120.0,120,0.0,120,120,70,0,0,stable
VB3_T7,VB,VB3,7,300,85,70,70,65|66|67|68|69|70|71|72|73|74|75|76|77|78|79,300.0,300,0.0,300,300,70,0,0,stable
VB3_T8,VB,VB3,8,600,85,70,70,65|66|67|68|69|70|71|72|73|74|75|76|77|78|79,600.0,600,0.0,600,600,70,0,0,stable
VB3_T9,VB,VB3,9,900,85,70,70,65|66|67|68|69|70|71|72|73|74|75|76|77|78|79,900.0,900,0.0,900,900,70,0,0,stable
VB4_T1,VB,VB4,1,5,85,70,70,65|66|67|68|69|70|71|72|73|74|75|76|77|78|79,5.0,5,0.0,5,5,70,0,0,stable
VB4_T10,VB,VB4,10,1500,85,70,70,65|66|67|68|69|70|71|72|73|74|75|76|77|78|79,1500.0,1500,0.0,1500,1500,70,0,0,stable
VB4_T11,VB,VB4,11,1800,85,70,70,65|66|67|68|69|70|71|72|73|74|75|76|77|78|79,1800.0,1800,0.0,1800,1800,70,0,0,stable
VB4_T12,VB,VB4,12,3600,85,70,70,65|66|67|68|69|70|71|72|73|74|75|76|77|78|79,3600.0,3600,0.0,3600,3600,70,0,0,stable
VB4_T2,VB,VB4,2,10,85,70,70,65|66|67|68|69|70|71|72|73|74|75|76|77|78|79,10.0,10,0.0,10,10,70,0,0,stable
VB4_T3,VB,VB4,3,30,85,70,70,65|66|67|68|69|70|71|72|73|74|75|76|77|78|79,30.0,30,0.0,30,30,70,0,0,stable
VB4_T4,VB,VB4,4,60,85,70,70,65|66|67|68|69|70|71|72|73|74|75|76|77|78|79,60.0,60,0.0,60,60,70,0,0,stable
VB4_T5,VB,VB4,5,90,85,70,70,65|66|67|68|69|70|71|72|73|74|75|76|77|78|79,90.0,90,0.0,90,90,70,0,0,stable
VB4_T6,VB,VB4,6,120,85,70,70,65|66|67|68|69|70|71|72|73|74|75|76|77|78|79,120.0,120,0.0,120,120,70,0,0,stable
VB4_T7,VB,VB4,7,300,85,70,70,65|66|67|68|69|70|71|72|73|74|75|76|77|78|79,300.0,300,0.0,300,300,70,0,0,stable
VB4_T8,VB,VB4,8,600,85,70,70,65|66|67|68|69|70|71|72|73|74|75|76|77|78|79,600.0,600,0.0,600,600,70,0,0,stable
VB4_T9,VB,VB4,9,900,85,70,70,65|66|67|68|69|70|71|72|73|74|75|76|77|78|79,900.0,900,0.0,900,900,70,0,0,stable
VB5_T1,VB,VB5,1,5,85,70,70,65|66|67|68|69|70|71|72|73|74|75|76|77|78|79,4.0,4,0.0,4,4,0,70,0,stable
VB5_T10,VB,VB5,10,1500,85,70,70,65|66|67|68|69|70|71|72|73|74|75|76|77|78|79,1499.0,1499,0.0,1499,1499,0,70,0,stable
VB5_T11,VB,VB5,11,1800,85,70,70,65|66|67|68|69|70|71|72|73|74|75|76|77|78|79,1799.0,1799,0.0,1799,1799,0,70,0,stable
VB5_T12,VB,VB5,12,3600,85,70,70,65|66|67|68|69|70|71|72|73|74|75|76|77|78|79,3599.0,3599,0.0,3599,3599,0,70,0,stable
VB5_T2,VB,VB5,2,10,85,70,70,65|66|67|68|69|70|71|72|73|74|75|76|77|78|79,9.0,9,0.0,9,9,0,70,0,stable
VB5_T3,VB,VB5,3,30,85,70,70,65|66|67|68|69|70|71|72|73|74|75|76|77|78|79,29.0,29,0.0,29,29,0,70,0,stable
VB5_T4,VB,VB5,4,60,85,70,70,65|66|67|68|69|70|71|72|73|74|75|76|77|78|79,59.0,59,0.0,59,59,0,70,0,stable
VB5_T5,VB,VB5,5,90,85,70,70,65|66|67|68|69|70|71|72|73|74|75|76|77|78|79,89.0,89,0.0,89,89,0,70,0,stable
VB5_T6,VB,VB5,6,120,85,70,70,65|66|67|68|69|70|71|72|73|74|75|76|77|78|79,119.0,119,0.0,119,119,0,70,0,stable
VB5_T7,VB,VB5,7,300,85,70,70,65|66|67|68|69|70|71|72|73|74|75|76|77|78|79,299.0,299,0.0,299,299,0,70,0,stable
VB5_T8,VB,VB5,8,600,85,70,70,65|66|67|68|69|70|71|72|73|74|75|76|77|78|79,599.0,599,0.0,599,599,0,70,0,stable
VB5_T9,VB,VB5,9,900,85,70,70,65|66|67|68|69|70|71|72|73|74|75|76|77|78|79,899.0,899,0.0,899,899,0,70,0,stable
VB6_T1,VB,VB6,1,5,85,70,70,65|66|67|68|69|70|71|72|73|74|75|76|77|78|79,2.0285714285714285,2,0.1678015193509294,2,3,0,70,70,variable_or_internal_missingness
VB6_T10,VB,VB6,10,1500,85,70,70,65|66|67|68|69|70|71|72|73|74|75|76|77|78|79,2.0285714285714285,2,0.1678015193509294,2,3,0,70,0,variable_or_internal_missingness
VB6_T11,VB,VB6,11,1800,85,70,70,65|66|67|68|69|70|71|72|73|74|75|76|77|78|79,2.0285714285714285,2,0.1678015193509294,2,3,0,70,0,variable_or_internal_missingness
VB6_T12,VB,VB6,12,3600,85,70,70,65|66|67|68|69|70|71|72|73|74|75|76|77|78|79,2.0285714285714285,2,0.1678015193509294,2,3,0,70,0,variable_or_internal_missingness
VB6_T2,VB,VB6,2,10,85,70,70,65|66|67|68|69|70|71|72|73|74|75|76|77|78|79,2.0285714285714285,2,0.1678015193509294,2,3,0,70,48,variable_or_internal_missingness
VB6_T3,VB,VB6,3,30,85,70,70,65|66|67|68|69|70|71|72|73|74|75|76|77|78|79,2.0285714285714285,2,0.1678015193509294,2,3,0,70,1,variable_or_internal_missingness
VB6_T4,VB,VB6,4,60,85,70,70,65|66|67|68|69|70|71|72|73|74|75|76|77|78|79,2.0285714285714285,2,0.1678015193509294,2,3,0,70,1,variable_or_internal_missingness
VB6_T5,VB,VB6,5,90,85,70,70,65|66|67|68|69|70|71|72|73|74|75|76|77|78|79,2.0285714285714285,2,0.1678015193509294,2,3,0,70,1,variable_or_internal_missingness
VB6_T6,VB,VB6,6,120,85,70,70,65|66|67|68|69|70|71|72|73|74|75|76|77|78|79,2.0285714285714285,2,0.1678015193509294,2,3,0,70,0,variable_or_internal_missingness
VB6_T7,VB,VB6,7,300,85,70,70,65|66|67|68|69|70|71|72|73|74|75|76|77|78|79,2.0285714285714285,2,0.1678015193509294,2,3,0,70,0,variable_or_internal_missingness
VB6_T8,VB,VB6,8,600,85,70,70,65|66|67|68|69|70|71|72|73|74|75|76|77|78|79,2.0285714285714285,2,0.1678015193509294,2,3,0,70,0,variable_or_internal_missingness
VB6_T9,VB,VB6,9,900,85,70,70,65|66|67|68|69|70|71|72|73|74|75|76|77|78|79,2.0285714285714285,2,0.1678015193509294,2,3,0,70,0,variable_or_internal_missingness
